mp_id,mp_name,state,constituency,party,house,annual_allocation,total_works,anomalous_works,total_expenditure,avg_work_risk,flagged_works_count,fraud_rate,utilization_pct,underutilization_risk,mp_risk_score,risk_tier
MP0323,MP Representative 323,Sikkim,Constituency 323,Other,Lok Sabha,147000000,28,26,35591803.72,55.99107142857143,26,92.85714285714286,24.212111374149657,83.68183293877551,75.82,High Risk
MP0051,MP Representative 051,Haryana,Constituency 051,TMC,Lok Sabha,147000000,28,26,36609422.38,56.401785714285715,25,92.85714285714286,24.904368965986396,82.64344655102042,75.72,High Risk
MP0350,MP Representative 350,Andhra Pradesh,Constituency 350,AAP,Rajya Sabha,147000000,28,25,36333012.81,56.32785714285715,25,89.28571428571429,24.716335244897962,82.92549713265305,74.51,High Risk
MP0193,MP Representative 193,Sikkim,Constituency 193,INC,Lok Sabha,147000000,28,26,41110604.19,54.85214285714286,24,92.85714285714286,27.966397408163264,78.05040388775511,73.95,High Risk
MP0439,MP Representative 439,Andaman and Nicobar Islands,Constituency 439,JD(U),Lok Sabha,147000000,27,25,42249612.84,55.69888888888889,23,92.5925925925926,28.741233224489797,76.88815016326531,73.91,High Risk
MP0411,MP Representative 411,Haryana,Constituency 411,TMC,Lok Sabha,147000000,27,27,57679597.32,58.50222222222222,27,100.0,39.23782130612245,61.143268040816324,73.69,High Risk
MP0215,MP Representative 215,Andhra Pradesh,Constituency 215,Other,Rajya Sabha,147000000,28,25,35073952.71,52.30321428571428,24,89.28571428571429,23.859831775510205,84.2102523367347,73.22,High Risk
MP0270,MP Representative 270,Andhra Pradesh,Constituency 270,SP,Rajya Sabha,122500000,28,26,35683783.3,54.092499999999994,25,92.85714285714286,29.12961902040816,76.30557146938776,73.21,High Risk
MP0393,MP Representative 393,Sikkim,Constituency 393,YSRCP,Lok Sabha,147000000,27,24,35777822.24,52.803333333333335,23,88.88888888888889,24.338654585034014,83.49201812244898,73.11,High Risk
MP0463,MP Representative 463,Sikkim,Constituency 463,JD(U),Lok Sabha,147000000,27,24,37268354.79,53.570740740740746,24,88.88888888888889,25.352622306122445,81.97106654081634,73.03,High Risk
MP0539,MP Representative 539,Andaman and Nicobar Islands,Constituency 539,Other,Lok Sabha,147000000,27,24,37609921.5,53.02851851851852,23,88.88888888888889,25.584980612244895,81.62252908163266,72.73,High Risk
MP0365,MP Representative 365,Andhra Pradesh,Constituency 365,DMK,Rajya Sabha,147000000,28,24,34489744.55,53.50678571428572,24,85.71428571428571,23.462411258503398,84.8063831122449,72.6,High Risk
MP0251,MP Representative 251,Haryana,Constituency 251,Other,Lok Sabha,147000000,28,24,33791180.42,52.7425,22,85.71428571428571,22.987197564625852,85.51920365306123,72.48,High Risk
MP0445,MP Representative 445,Andhra Pradesh,Constituency 445,INC,Rajya Sabha,147000000,27,24,39364659.15,53.32666666666666,22,88.88888888888889,26.77867969387755,79.83198045918368,72.4,High Risk
MP0025,MP Representative 025,Andhra Pradesh,Constituency 025,INC,Rajya Sabha,147000000,28,27,55301140.29,56.71214285714286,27,96.42857142857143,37.61982332653061,63.57026501020409,72.33,High Risk
MP0072,MP Representative 072,Manipur,Constituency 072,BJP,Lok Sabha,122500000,28,24,28761015.99,52.79035714285714,24,85.71428571428571,23.4783804,84.7824294,72.31,High Risk
MP0192,MP Representative 192,Manipur,Constituency 192,BJP,Lok Sabha,147000000,28,24,33432230.79,51.53178571428572,24,85.71428571428571,22.74301414285714,85.88547878571428,72.08,High Risk
MP0088,MP Representative 088,Sikkim,Constituency 088,BJD,Lok Sabha,147000000,28,24,36544804.33,53.035714285714285,24,85.71428571428571,24.860411108843536,82.7093833367347,71.89,High Risk
MP0379,MP Representative 379,Andaman and Nicobar Islands,Constituency 379,JD(U),Lok Sabha,147000000,27,25,46958364.5,53.40814814814815,24,92.5925925925926,31.9444656462585,72.08330153061225,71.79,High Risk
MP0120,MP Representative 120,Andhra Pradesh,Constituency 120,BJP,Rajya Sabha,147000000,28,25,43590682.76,53.97071428571429,25,89.28571428571429,29.65352568707483,75.51971146938774,71.72,High Risk
MP0018,MP Representative 018,Sikkim,Constituency 018,SP,Lok Sabha,122500000,28,24,31226765.22,52.965357142857144,22,85.71428571428571,25.491236914285714,81.76314462857142,71.63,High Risk
MP0098,MP Representative 098,Sikkim,Constituency 098,AAP,Lok Sabha,147000000,28,26,52338200.19,55.762499999999996,24,92.85714285714286,35.604217816326525,66.59367327551021,71.45,High Risk
MP0487,MP Representative 487,Manipur,Constituency 487,JD(U),Lok Sabha,147000000,27,24,43383727.71,53.03592592592593,24,88.88888888888889,29.51273993877551,75.73089009183673,71.26,High Risk
MP0205,MP Representative 205,Andhra Pradesh,Constituency 205,INC,Rajya Sabha,147000000,28,25,45447693.86,53.63357142857143,24,89.28571428571429,30.916798544217688,73.62480218367347,71.11,High Risk
MP0384,MP Representative 384,Andaman and Nicobar Islands,Constituency 384,BJP,Lok Sabha,147000000,27,24,43649936.24,52.74592592592593,23,88.88888888888889,29.693834176870748,75.45924873469387,71.07,High Risk
MP0093,MP Representative 093,Sikkim,Constituency 093,YSRCP,Lok Sabha,147000000,28,24,39084017.37,52.582499999999996,23,85.71428571428571,26.587766918367343,80.11834962244899,71.06,High Risk
MP0338,MP Representative 338,Sikkim,Constituency 338,AAP,Lok Sabha,147000000,28,24,39353057.29,52.592499999999994,23,85.71428571428571,26.77078727210884,79.84381909183674,71.0,High Risk
MP0030,MP Representative 030,Andhra Pradesh,Constituency 030,SP,Rajya Sabha,147000000,28,26,53755903.56,55.51107142857143,26,92.85714285714286,36.56864187755102,65.14703718367346,70.99,High Risk
MP0081,MP Representative 081,Haryana,Constituency 081,YSRCP,Lok Sabha,245000000,28,24,62645966.089999996,51.380357142857136,24,85.71428571428571,25.569782077551018,81.64532688367348,70.96,High Risk
MP0228,MP Representative 228,Sikkim,Constituency 228,BJP,Lok Sabha,147000000,28,27,61601411.29,57.11678571428571,26,96.42857142857143,41.905721965986395,57.14141705102041,70.88,High Risk
MP0033,MP Representative 033,Sikkim,Constituency 033,YSRCP,Lok Sabha,147000000,28,24,38451622.25,51.50964285714286,22,85.71428571428571,26.157566156462586,80.76365076530612,70.79,High Risk
MP0213,MP Representative 213,Sikkim,Constituency 213,YSRCP,Lok Sabha,147000000,28,24,38967032.410000004,51.78678571428571,24,85.71428571428571,26.508185312925175,80.23772203061223,70.77,High Risk
MP0336,MP Representative 336,Haryana,Constituency 336,BJP,Lok Sabha,147000000,28,24,40127769.519999996,52.365,22,85.71428571428571,27.29780239455782,79.05329640816328,70.71,High Risk
MP0506,MP Representative 506,Haryana,Constituency 506,AAP,Lok Sabha,147000000,27,23,40308799.43,52.47,22,85.18518518518519,27.420951993197278,78.86857201020408,70.52,High Risk
MP0201,MP Representative 201,Haryana,Constituency 201,YSRCP,Lok Sabha,147000000,28,24,38092370.52,50.59571428571429,21,85.71428571428571,25.913177224489797,81.1302341632653,70.52,High Risk
MP0482,MP Representative 482,Manipur,Constituency 482,AAP,Lok Sabha,147000000,27,24,46258749.32,52.837407407407404,22,88.88888888888889,31.468536952380955,72.79719457142856,70.45,High Risk
MP0450,MP Representative 450,Andhra Pradesh,Constituency 450,SP,Rajya Sabha,122500000,27,24,40115424.14,54.01148148148148,24,88.88888888888889,32.747285012244895,70.87907248163266,70.44,High Risk
MP0538,MP Representative 538,Sikkim,Constituency 538,TDP,Lok Sabha,147000000,27,25,55672040.59,55.550740740740736,23,92.5925925925926,37.87213645578232,63.19179531632652,70.43,High Risk
MP0418,MP Representative 418,Sikkim,Constituency 418,TDP,Lok Sabha,147000000,27,22,31430829.35,49.184814814814814,21,81.48148148148148,21.38151656462585,87.92772515306122,70.17,High Risk
MP0523,MP Representative 523,Sikkim,Constituency 523,JD(U),Lok Sabha,147000000,27,23,38746070.78,50.461481481481485,23,85.18518518518519,26.357871278911567,80.46319308163265,70.12,High Risk
MP0422,MP Representative 422,Manipur,Constituency 422,AAP,Lok Sabha,147000000,27,24,46579590.35,52.18296296296297,23,88.88888888888889,31.686796156462588,72.46980576530612,70.1,High Risk
MP0143,MP Representative 143,Sikkim,Constituency 143,Other,Lok Sabha,147000000,28,22,29968477.21,50.095000000000006,22,78.57142857142857,20.386719190476192,89.41992121428571,69.89,High Risk
MP0284,MP Representative 284,Andaman and Nicobar Islands,Constituency 284,RJD,Lok Sabha,147000000,28,26,56440834.93,54.14035714285715,26,92.85714285714286,38.39512580272108,62.407311295918376,69.76,High Risk
MP0152,MP Representative 152,Manipur,Constituency 152,RJD,Lok Sabha,147000000,28,25,53056121.41,55.03357142857143,25,89.28571428571429,36.09259959863945,65.86110060204082,69.73,High Risk
MP0516,MP Representative 516,Haryana,Constituency 516,BJP,Lok Sabha,147000000,27,24,51549314.03,54.431111111111115,23,88.88888888888889,35.06756056462585,67.39865915306123,69.73,High Risk
MP0255,MP Representative 255,Andhra Pradesh,Constituency 255,TMC,Rajya Sabha,147000000,28,24,40820957.93,50.28357142857143,24,85.71428571428571,27.769359136054423,78.34596129591837,69.7,High Risk
MP0234,MP Representative 234,Andaman and Nicobar Islands,Constituency 234,SP,Lok Sabha,147000000,28,25,51592785.6,53.46107142857143,23,89.28571428571429,35.09713306122449,67.35430040816327,69.47,High Risk
MP0345,MP Representative 345,Andhra Pradesh,Constituency 345,YSRCP,Rajya Sabha,147000000,28,23,36398557.839999996,49.93214285714286,23,82.14285714285714,24.76092370068027,82.85861444897961,69.44,High Risk
MP0500,MP Representative 500,Andhra Pradesh,Constituency 500,RJD,Rajya Sabha,147000000,27,23,44925416.52,52.63185185185185,23,85.18518518518519,30.561507836734698,74.15773824489796,69.41,High Risk
MP0485,MP Representative 485,Andhra Pradesh,Constituency 485,DMK,Rajya Sabha,147000000,27,23,42937966.53,51.24407407407407,21,85.18518518518519,29.209501040816328,76.1857484387755,69.36,High Risk
MP0375,MP Representative 375,Andhra Pradesh,Constituency 375,TMC,Rajya Sabha,147000000,27,23,42160102.9,50.6862962962963,21,85.18518518518519,28.680342108843536,76.97948683673471,69.33,High Risk
MP0116,MP Representative 116,Haryana,Constituency 116,RJD,Lok Sabha,147000000,28,27,69957370.82,58.29714285714285,26,96.42857142857143,47.590048176870745,48.61492773469388,69.22,High Risk
MP0046,MP Representative 046,Haryana,Constituency 046,TDP,Lok Sabha,147000000,28,23,38203054.76,49.99107142857143,23,82.14285714285714,25.98847262585034,81.0172910612245,69.0,High Risk
MP0318,MP Representative 318,Sikkim,Constituency 318,SP,Lok Sabha,147000000,28,23,38801798.83,50.2525,23,82.14285714285714,26.3957815170068,80.40632772448981,68.95,High Risk
MP0276,MP Representative 276,Haryana,Constituency 276,BJP,Lok Sabha,147000000,28,23,36779589.07,48.77571428571429,23,82.14285714285714,25.02012861904762,82.46980707142856,68.88,High Risk
MP0145,MP Representative 145,Andhra Pradesh,Constituency 145,INC,Rajya Sabha,147000000,28,25,49746194.36,50.69035714285714,24,89.28571428571429,33.84094854421769,69.23857718367347,68.84,High Risk
MP0288,MP Representative 288,Sikkim,Constituency 288,BJP,Lok Sabha,122500000,28,23,31306936.1,48.9825,22,82.14285714285714,25.556682530612246,81.66497620408163,68.76,High Risk
MP0368,MP Representative 368,Sikkim,Constituency 368,RJD,Lok Sabha,147000000,27,22,37433856.24,49.421481481481486,21,81.48148148148148,25.465208326530615,81.80218751020408,68.74,High Risk
MP0040,MP Representative 040,Andhra Pradesh,Constituency 040,BJD,Rajya Sabha,147000000,28,24,44742051.8,50.26142857142857,20,85.71428571428571,30.436769931972783,74.34484510204082,68.69,High Risk
MP0222,MP Representative 222,Manipur,Constituency 222,SP,Lok Sabha,147000000,28,22,32891032.240000002,48.839285714285715,22,78.57142857142857,22.37485186394558,86.43772220408164,68.65,High Risk
MP0006,MP Representative 006,Haryana,Constituency 006,SP,Lok Sabha,147000000,28,23,36796204.23,48.167500000000004,20,82.14285714285714,25.03143144897959,82.45285282653062,68.63,High Risk
MP0307,MP Representative 307,Manipur,Constituency 307,JD(U),Lok Sabha,147000000,28,23,38325717.35,48.799285714285716,22,82.14285714285714,26.07191656462585,80.89212515306122,68.49,High Risk
MP0158,MP Representative 158,Sikkim,Constituency 158,AAP,Lok Sabha,147000000,28,23,39608227.76,49.462857142857146,22,82.14285714285714,26.944372625850338,79.5834410612245,68.43,High Risk
MP0381,MP Representative 381,Haryana,Constituency 381,YSRCP,Lok Sabha,147000000,27,26,69037990.6,55.57666666666666,25,96.29629629629629,46.964619455782305,49.55307081632654,68.32,High Risk
MP0362,MP Representative 362,Manipur,Constituency 362,AAP,Lok Sabha,147000000,28,25,54155980.56,52.158928571428575,24,89.28571428571429,36.84080310204082,64.73879534693876,68.3,High Risk
MP0045,MP Representative 045,Andhra Pradesh,Constituency 045,YSRCP,Rajya Sabha,147000000,28,22,36195591.79,50.06,21,78.57142857142857,24.62285155782313,83.06572266326532,68.29,High Risk
MP0016,MP Representative 016,Haryana,Constituency 016,BJD,Lok Sabha,147000000,28,22,33788094.21,48.392857142857146,20,78.57142857142857,22.985098102040816,85.52235284693877,68.24,High Risk
MP0138,MP Representative 138,Sikkim,Constituency 138,SP,Lok Sabha,147000000,28,24,45915728.0,49.83571428571429,21,85.71428571428571,31.235189115646257,73.14721632653061,68.22,High Risk
MP0048,MP Representative 048,Sikkim,Constituency 048,BJP,Lok Sabha,147000000,28,22,34198817.86,48.50178571428571,22,78.57142857142857,23.264501945578232,85.10324708163265,68.18,High Risk
MP0008,MP Representative 008,Sikkim,Constituency 008,RJD,Lok Sabha,147000000,28,23,38971403.81,48.43928571428571,23,82.14285714285714,26.511159054421768,80.23326141836735,68.18,High Risk
MP0396,MP Representative 396,Haryana,Constituency 396,BJP,Lok Sabha,122500000,27,23,38207675.85,50.04518518518518,21,85.18518518518519,31.189939469387756,73.21509079591837,68.14,High Risk
MP0253,MP Representative 253,Sikkim,Constituency 253,INC,Lok Sabha,147000000,28,24,46194600.43,49.80892857142857,23,85.71428571428571,31.42489825170068,72.86265262244898,68.14,High Risk
MP0004,MP Representative 004,Andaman and Nicobar Islands,Constituency 004,BJD,Lok Sabha,147000000,28,24,45395313.62,49.19571428571429,24,85.71428571428571,30.88116572789115,73.67825140816328,68.1,High Risk
MP0469,MP Representative 469,Andaman and Nicobar Islands,Constituency 469,INC,Lok Sabha,147000000,27,21,33008122.46,48.188518518518514,20,77.77777777777779,22.45450507482993,86.3182423877551,68.08,High Risk
MP0328,MP Representative 328,Sikkim,Constituency 328,BJD,Lok Sabha,147000000,28,25,55742810.73,52.63392857142857,25,89.28571428571429,37.92027940816327,63.1195808877551,68.08,High Risk
MP0065,MP Representative 065,Andhra Pradesh,Constituency 065,DMK,Rajya Sabha,147000000,28,24,48092384.980000004,50.78678571428571,23,85.71428571428571,32.71590814965987,70.9261377755102,68.05,High Risk
MP0233,MP Representative 233,Sikkim,Constituency 233,DMK,Lok Sabha,147000000,28,22,33334711.28,47.339285714285715,21,78.57142857142857,22.676674340136056,85.98498848979591,67.93,High Risk
MP0140,MP Representative 140,Andhra Pradesh,Constituency 140,RJD,Rajya Sabha,147000000,28,23,43217121.48,50.39035714285715,23,82.14285714285714,29.399402367346937,75.9008964489796,67.88,High Risk
MP0406,MP Representative 406,Haryana,Constituency 406,TDP,Lok Sabha,147000000,27,23,45219072.67,48.940370370370374,22,85.18518518518519,30.76127392517007,73.8580891122449,67.86,High Risk
MP0252,MP Representative 252,Manipur,Constituency 252,BJP,Lok Sabha,165000000,28,25,64346266.14,52.917857142857144,24,89.28571428571429,38.99773705454545,61.50339441818182,67.79,High Risk
MP0066,MP Representative 066,Haryana,Constituency 066,SP,Lok Sabha,147000000,28,23,41639572.269999996,49.11714285714286,23,82.14285714285714,28.326239639455782,77.51064054081633,67.77,High Risk
MP0493,MP Representative 493,Sikkim,Constituency 493,INC,Lok Sabha,147000000,27,22,38492792.019999996,47.614814814814814,22,81.48148148148148,26.185572802721087,80.72164079591838,67.74,High Risk
MP0461,MP Representative 461,Haryana,Constituency 461,DMK,Lok Sabha,147000000,27,23,49167092.34,51.17259259259259,23,85.18518518518519,33.44700159183674,69.8294976122449,67.74,High Risk
MP0104,MP Representative 104,Andaman and Nicobar Islands,Constituency 104,RJD,Lok Sabha,147000000,28,25,59448135.49,54.08107142857143,25,89.28571428571429,40.440908496598645,59.33863725510203,67.72,High Risk
MP0224,MP Representative 224,Andaman and Nicobar Islands,Constituency 224,RJD,Lok Sabha,147000000,28,24,48869547.9,50.45178571428572,23,85.71428571428571,33.24459040816327,70.1331143877551,67.71,High Risk
MP0017,MP Representative 017,Manipur,Constituency 017,DMK,Lok Sabha,147000000,28,24,48524696.38,50.18571428571429,23,85.71428571428571,33.00999753741497,70.48500369387754,67.7,High Risk
MP0235,MP Representative 235,Andhra Pradesh,Constituency 235,JD(U),Rajya Sabha,147000000,28,23,44912859.39,50.9975,22,82.14285714285714,30.55296557142857,74.17055164285713,67.69,High Risk
MP0414,MP Representative 414,Andaman and Nicobar Islands,Constituency 414,SP,Lok Sabha,147000000,27,21,36113781.22,48.86222222222222,20,77.77777777777779,24.567198108843534,83.1492028367347,67.55,High Risk
MP0298,MP Representative 298,Sikkim,Constituency 298,TDP,Lok Sabha,147000000,28,26,65990109.13,54.44571428571429,24,92.85714285714286,44.891230700680275,52.663153948979584,67.44,High Risk
MP0283,MP Representative 283,Sikkim,Constituency 283,JD(U),Lok Sabha,147000000,28,23,45523457.08,50.72071428571429,23,82.14285714285714,30.968338149659864,73.54749277551021,67.43,High Risk
MP0360,MP Representative 360,Andhra Pradesh,Constituency 360,BJP,Rajya Sabha,122500000,28,25,46297546.4,50.83,21,89.28571428571429,37.79391542857143,63.30912685714286,67.41,High Risk
MP0442,MP Representative 442,Manipur,Constituency 442,TDP,Lok Sabha,147000000,27,21,36655823.01,48.85407407407407,21,77.77777777777779,24.935934020408162,82.59609896938775,67.41,High Risk
MP0497,MP Representative 497,Manipur,Constituency 497,DMK,Lok Sabha,147000000,27,21,36175068.88,48.41703703703703,20,77.77777777777779,24.608890394557825,83.08666440816326,67.36,High Risk
MP0351,MP Representative 351,Haryana,Constituency 351,TMC,Lok Sabha,245000000,28,23,75080122.63,49.94,23,82.14285714285714,30.644948012244893,74.03257798163266,67.23,High Risk
MP0520,MP Representative 520,Andhra Pradesh,Constituency 520,BJD,Rajya Sabha,147000000,27,24,59668137.76,53.23222222222222,23,88.88888888888889,40.5905699047619,59.114145142857154,67.18,High Risk
MP0491,MP Representative 491,Haryana,Constituency 491,Other,Lok Sabha,147000000,27,24,60093240.33,53.419629629629625,24,88.88888888888889,40.879755326530606,58.680367010204094,67.15,High Risk
MP0257,MP Representative 257,Manipur,Constituency 257,DMK,Lok Sabha,147000000,28,24,53861679.9,52.23464285714285,22,85.71428571428571,36.640598571428576,65.03910214285713,67.15,High Risk
MP0169,MP Representative 169,Andaman and Nicobar Islands,Constituency 169,INC,Lok Sabha,147000000,28,26,68020266.23,54.48142857142857,25,92.85714285714286,46.27228995238096,50.59156507142856,66.94,High Risk
MP0226,MP Representative 226,Haryana,Constituency 226,TDP,Lok Sabha,147000000,28,22,36609216.54,46.87071428571429,22,78.57142857142857,24.90422893877551,82.64365659183673,66.91,High Risk
MP0454,MP Representative 454,Andaman and Nicobar Islands,Constituency 454,TDP,Lok Sabha,147000000,27,20,28620559.46,45.724074074074075,20,74.07407407407408,19.469768340136053,90.79534748979592,66.91,High Risk
MP0426,MP Representative 426,Haryana,Constituency 426,SP,Lok Sabha,147000000,27,23,51763030.5,50.73703703703704,23,85.18518518518519,35.212945918367346,67.18058112244898,66.9,High Risk
MP0321,MP Representative 321,Haryana,Constituency 321,YSRCP,Lok Sabha,147000000,28,22,36335005.46,46.611071428571435,21,78.57142857142857,24.717690789115647,82.92346381632652,66.88,High Risk
MP0242,MP Representative 242,Manipur,Constituency 242,AAP,Lok Sabha,147000000,28,23,43545429.7,47.84607142857143,18,82.14285714285714,29.622741292517006,75.56588806122448,66.78,High Risk
MP0092,MP Representative 092,Manipur,Constituency 092,RJD,Lok Sabha,147000000,28,24,52410372.69,50.324285714285715,23,85.71428571428571,35.65331475510204,66.52002786734694,66.76,High Risk
MP0134,MP Representative 134,Andaman and Nicobar Islands,Constituency 134,AAP,Lok Sabha,147000000,28,25,63265655.69,54.06535714285714,25,89.28571428571429,43.037861013605436,55.443208479591846,66.74,High Risk
MP0295,MP Representative 295,Andhra Pradesh,Constituency 295,JD(U),Rajya Sabha,147000000,28,22,39945795.58,48.464999999999996,21,78.57142857142857,27.174010598639452,79.23898410204082,66.7,High Risk
MP0421,MP Representative 421,Haryana,Constituency 421,INC,Lok Sabha,147000000,27,23,55347751.99,51.815925925925924,23,85.18518518518519,37.65153196598639,63.52270205102041,66.42,High Risk
MP0151,MP Representative 151,Haryana,Constituency 151,JD(U),Lok Sabha,147000000,28,22,41989175.26,48.98392857142857,20,78.57142857142857,28.56406480272109,77.15390279591836,66.38,High Risk
MP0099,MP Representative 099,Andaman and Nicobar Islands,Constituency 099,TMC,Lok Sabha,122500000,28,22,33907644.03,48.10964285714285,19,78.57142857142857,27.6797094122449,78.48043588163264,66.36,High Risk
MP0528,MP Representative 528,Sikkim,Constituency 528,BJP,Lok Sabha,147000000,27,22,44593737.34,47.925925925925924,21,81.48148148148148,30.335875741496597,74.4961863877551,66.31,High Risk
MP0408,MP Representative 408,Sikkim,Constituency 408,BJP,Lok Sabha,147000000,27,21,36481882.66,45.948888888888895,21,77.77777777777779,24.817607251700675,82.77358912244898,66.3,High Risk
MP0101,MP Representative 101,Haryana,Constituency 101,DMK,Lok Sabha,147000000,28,21,32395446.97,45.7875,20,75.0,22.037719027210883,86.94342145918367,66.3,High Risk
MP0024,MP Representative 024,Andaman and Nicobar Islands,Constituency 024,BJP,Lok Sabha,147000000,28,23,48324098.89,49.644285714285715,22,82.14285714285714,32.873536659863944,70.68969501020408,66.28,High Risk
MP0208,MP Representative 208,Sikkim,Constituency 208,BJD,Lok Sabha,147000000,28,25,60143619.4,50.62785714285714,24,89.28571428571429,40.91402680272109,58.62895979591836,66.16,High Risk
MP0330,MP Representative 330,Andhra Pradesh,Constituency 330,SP,Rajya Sabha,147000000,28,24,55252552.57,50.39964285714286,24,85.71428571428571,37.586770455782315,63.61984431632653,66.06,High Risk
MP0012,MP Representative 012,Manipur,Constituency 012,BJP,Lok Sabha,147000000,28,22,43351776.25,48.980000000000004,21,78.57142857142857,29.49100425170068,75.76349362244898,66.03,High Risk
MP0054,MP Representative 054,Andaman and Nicobar Islands,Constituency 054,SP,Lok Sabha,147000000,28,23,49444696.85,49.61642857142857,22,82.14285714285714,33.63584819727891,69.54622770408163,65.98,High Risk
MP0211,MP Representative 211,Haryana,Constituency 211,JD(U),Lok Sabha,147000000,28,23,47015637.84,48.0075,22,82.14285714285714,31.983427102040817,72.02485934693877,65.96,High Risk
MP0179,MP Representative 179,Andaman and Nicobar Islands,Constituency 179,Other,Lok Sabha,147000000,28,21,33556388.75,45.46107142857143,19,75.0,22.827475340136054,85.75878698979592,65.87,High Risk
MP0130,MP Representative 130,Andhra Pradesh,Constituency 130,TDP,Rajya Sabha,147000000,28,23,50575341.44,50.018214285714286,22,82.14285714285714,34.404994176870744,68.39250873469388,65.86,High Risk
MP0388,MP Representative 388,Sikkim,Constituency 388,BJD,Lok Sabha,147000000,27,24,64886738.19,53.23777777777778,23,88.88888888888889,44.14063822448979,53.78904266326531,65.85,High Risk
MP0113,MP Representative 113,Sikkim,Constituency 113,DMK,Lok Sabha,147000000,28,22,40359367.45,46.61892857142857,21,78.57142857142857,27.455352006802723,78.81697198979592,65.85,High Risk
MP0115,MP Representative 115,Andhra Pradesh,Constituency 115,JD(U),Rajya Sabha,147000000,28,24,56710077.99,50.555,22,85.71428571428571,38.57828434693878,62.13257347959183,65.76,High Risk
MP0020,MP Representative 020,Andhra Pradesh,Constituency 020,RJD,Rajya Sabha,147000000,28,21,32967228.24,44.745,19,75.0,22.42668587755102,86.35997118367347,65.74,High Risk
MP0428,MP Representative 428,Sikkim,Constituency 428,RJD,Lok Sabha,147000000,27,21,39443499.410000004,46.37074074074074,21,77.77777777777779,26.832312523809527,79.7515312142857,65.71,High Risk
MP0322,MP Representative 322,Manipur,Constituency 322,TDP,Lok Sabha,147000000,28,22,41216563.12,46.75142857142857,19,78.57142857142857,28.038478312925168,77.94228253061226,65.69,High Risk
MP0378,MP Representative 378,Sikkim,Constituency 378,SP,Lok Sabha,165000000,27,21,43301346.1,45.49555555555556,21,77.77777777777779,26.24324006060606,80.63513990909092,65.58,High Risk
MP0400,MP Representative 400,Andhra Pradesh,Constituency 400,BJD,Rajya Sabha,147000000,27,22,47180307.48,47.73518518518518,21,81.48148148148148,32.09544726530612,71.85682910204082,65.58,High Risk
MP0443,MP Representative 443,Sikkim,Constituency 443,Other,Lok Sabha,147000000,27,23,57407074.4,51.00814814814815,21,85.18518518518519,39.05243156462585,61.42135265306123,65.57,High Risk
MP0061,MP Representative 061,Haryana,Constituency 061,INC,Lok Sabha,147000000,28,23,48412513.79,47.84928571428571,22,82.14285714285714,32.93368285034013,70.59947572448979,65.54,High Risk
MP0057,MP Representative 057,Manipur,Constituency 057,YSRCP,Lok Sabha,147000000,28,22,41693538.51,46.66714285714285,21,78.57142857142857,28.362951367346938,77.4555729489796,65.53,High Risk
MP0470,MP Representative 470,Andhra Pradesh,Constituency 470,AAP,Rajya Sabha,147000000,27,21,38144861.39,45.020370370370365,19,77.77777777777779,25.94888529931973,81.07667205102041,65.5,High Risk
MP0005,MP Representative 005,Andhra Pradesh,Constituency 005,DMK,Rajya Sabha,147000000,28,22,42524558.1,47.1075,19,78.57142857142857,28.928270816326528,76.6075937755102,65.49,High Risk
MP0320,MP Representative 320,Andhra Pradesh,Constituency 320,RJD,Rajya Sabha,147000000,28,24,57729984.339999996,50.267857142857146,24,85.71428571428571,39.27209819047619,61.09185271428571,65.38,High Risk
MP0083,MP Representative 083,Sikkim,Constituency 083,Other,Lok Sabha,147000000,28,23,50901219.77,48.84321428571429,22,82.14285714285714,34.626680115646266,68.0599798265306,65.3,High Risk
MP0272,MP Representative 272,Manipur,Constituency 272,RJD,Lok Sabha,147000000,28,25,66430951.97,52.409285714285716,23,89.28571428571429,45.19112378911564,52.21331431632653,65.27,High Risk
MP0146,MP Representative 146,Haryana,Constituency 146,AAP,Lok Sabha,147000000,28,22,42002469.72,46.205714285714286,22,78.57142857142857,28.573108653061226,77.14033702040817,65.27,High Risk
MP0340,MP Representative 340,Andhra Pradesh,Constituency 340,BJD,Rajya Sabha,147000000,28,21,37116964.53,46.05535714285714,21,75.0,25.249635734693875,82.12554639795918,65.2,High Risk
MP0260,MP Representative 260,Andhra Pradesh,Constituency 260,RJD,Rajya Sabha,147000000,28,22,43089960.21,46.705714285714286,20,78.57142857142857,29.31289810204082,76.03065284693878,65.19,High Risk
MP0161,MP Representative 161,Haryana,Constituency 161,DMK,Lok Sabha,147000000,28,22,45241850.65,47.96321428571429,22,78.57142857142857,30.77676914965986,73.83484627551022,65.14,High Risk
MP0427,MP Representative 427,Manipur,Constituency 427,JD(U),Lok Sabha,147000000,27,23,59982075.38,51.51,22,85.18518518518519,40.80413291156463,58.79380063265306,65.12,High Risk
MP0241,MP Representative 241,Haryana,Constituency 241,INC,Lok Sabha,147000000,28,23,51958986.8,49.00678571428572,21,82.14285714285714,35.34624952380952,66.98062571428572,65.1,High Risk
MP0370,MP Representative 370,Andhra Pradesh,Constituency 370,TDP,Rajya Sabha,147000000,27,23,56122647.9,48.97555555555555,21,85.18518518518519,38.17867204081632,62.731991938775515,65.09,High Risk
MP0405,MP Representative 405,Andhra Pradesh,Constituency 405,YSRCP,Rajya Sabha,122500000,27,23,46453730.589999996,48.73555555555556,22,85.18518518518519,37.921412726530605,63.11788091020409,65.09,High Risk
MP0492,MP Representative 492,Manipur,Constituency 492,BJP,Lok Sabha,147000000,27,21,43339154.78,47.31074074074075,20,77.77777777777779,29.482418217687073,75.7763726734694,65.09,High Risk
MP0361,MP Representative 361,Haryana,Constituency 361,INC,Lok Sabha,147000000,28,23,52898882.76,49.482142857142854,20,82.14285714285714,35.985634530612245,66.02154820408163,65.05,High Risk
MP0490,MP Representative 490,Andhra Pradesh,Constituency 490,TDP,Rajya Sabha,147000000,27,21,43347212.89,47.21666666666666,21,77.77777777777779,29.48789992517007,75.7681501122449,65.05,High Risk
MP0131,MP Representative 131,Haryana,Constituency 131,Other,Lok Sabha,147000000,28,23,53734416.08,49.98964285714286,22,82.14285714285714,36.55402454421768,65.16896318367347,65.04,High Risk
MP0525,MP Representative 525,Andhra Pradesh,Constituency 525,YSRCP,Rajya Sabha,147000000,27,21,39381743.69,44.59925925925926,20,77.77777777777779,26.790301829931973,79.81454725510204,65.02,High Risk
MP0314,MP Representative 314,Andaman and Nicobar Islands,Constituency 314,AAP,Lok Sabha,147000000,28,25,68112585.43,52.715714285714284,24,89.28571428571429,46.335092129251706,50.49736180612244,64.96,High Risk
MP0236,MP Representative 236,Haryana,Constituency 236,RJD,Lok Sabha,147000000,28,20,28755382.48,43.135,20,71.42857142857143,19.56148468027211,90.65777297959184,64.92,High Risk
MP0243,MP Representative 243,Sikkim,Constituency 243,TMC,Lok Sabha,147000000,28,21,38062987.29,45.887857142857136,21,75.0,25.893188632653057,81.16021705102041,64.9,High Risk
MP0156,MP Representative 156,Haryana,Constituency 156,BJP,Lok Sabha,147000000,28,24,63411245.12,52.63285714285714,24,85.71428571428571,43.136901442176864,55.294647836734704,64.88,High Risk
MP0291,MP Representative 291,Haryana,Constituency 291,TMC,Lok Sabha,147000000,28,22,42632129.13,44.9975,22,78.57142857142857,29.0014483877551,76.49782741836734,64.62,High Risk
MP0529,MP Representative 529,Andaman and Nicobar Islands,Constituency 529,INC,Lok Sabha,147000000,27,22,51963031.83,48.29851851851851,22,81.48148148148148,35.34900124489796,66.97649813265306,64.58,High Risk
MP0356,MP Representative 356,Haryana,Constituency 356,RJD,Lok Sabha,147000000,28,23,54694995.08,49.44321428571429,22,82.14285714285714,37.2074796462585,64.18878053061225,64.57,High Risk
MP0177,MP Representative 177,Manipur,Constituency 177,YSRCP,Lok Sabha,147000000,28,23,54235277.89,49.090714285714284,23,82.14285714285714,36.89474686394558,64.65787970408164,64.55,High Risk
MP0041,MP Representative 041,Haryana,Constituency 041,DMK,Lok Sabha,147000000,28,21,38035598.63,44.93857142857143,21,75.0,25.874556891156463,81.18816466326531,64.52,High Risk
MP0019,MP Representative 019,Andaman and Nicobar Islands,Constituency 019,JD(U),Lok Sabha,147000000,28,21,37433882.52,44.42285714285714,18,75.0,25.465226204081638,81.80216069387754,64.47,High Risk
MP0316,MP Representative 316,Haryana,Constituency 316,BJD,Lok Sabha,147000000,28,21,40551822.57,46.353571428571435,14,75.0,27.586273857142857,78.62058921428572,64.45,High Risk
MP0212,MP Representative 212,Manipur,Constituency 212,RJD,Lok Sabha,147000000,28,22,46597368.47,47.07,21,78.57142857142857,31.698890115646254,72.45166482653062,64.44,High Risk
MP0009,MP Representative 009,Andaman and Nicobar Islands,Constituency 009,YSRCP,Lok Sabha,122500000,28,24,52248117.15,51.029999999999994,21,85.71428571428571,42.65152420408163,56.02271369387755,64.42,High Risk
MP0293,MP Representative 293,Sikkim,Constituency 293,DMK,Lok Sabha,147000000,28,21,36770251.15,43.86464285714286,18,75.0,25.013776292517004,82.47933556122449,64.42,High Risk
MP0488,MP Representative 488,Sikkim,Constituency 488,RJD,Lok Sabha,147000000,27,22,50023709.72,46.620370370370374,20,81.48148148148148,34.02973450340136,68.95539824489796,64.41,High Risk
MP0167,MP Representative 167,Manipur,Constituency 167,Other,Lok Sabha,147000000,28,21,39039728.22,45.28321428571429,20,75.0,26.55763824489796,80.16354263265306,64.4,High Risk
MP0440,MP Representative 440,Andhra Pradesh,Constituency 440,RJD,Rajya Sabha,147000000,27,22,53434782.36,48.70333333333333,22,81.48148148148148,36.350192081632656,65.47471187755102,64.37,High Risk
MP0068,MP Representative 068,Sikkim,Constituency 068,RJD,Lok Sabha,147000000,28,23,53988516.19,48.35892857142857,22,82.14285714285714,36.726881761904764,64.90967735714285,64.32,High Risk
MP0524,MP Representative 524,Andaman and Nicobar Islands,Constituency 524,RJD,Lok Sabha,147000000,27,23,63067740.42,51.46259259259259,23,85.18518518518519,42.90322477551021,55.645162836734684,64.31,High Risk
MP0480,MP Representative 480,Andhra Pradesh,Constituency 480,BJP,Rajya Sabha,147000000,27,23,60300370.03,49.6637037037037,22,85.18518518518519,41.02065988435374,58.469010173469385,64.3,High Risk
MP0198,MP Representative 198,Sikkim,Constituency 198,SP,Lok Sabha,147000000,28,23,53148482.22,47.722500000000004,23,82.14285714285714,36.15543008163265,65.76685487755103,64.28,High Risk
MP0163,MP Representative 163,Sikkim,Constituency 163,JD(U),Lok Sabha,147000000,28,25,72909933.5,53.638571428571424,24,89.28571428571429,49.59859421768707,45.60210867346939,64.11,High Risk
MP0249,MP Representative 249,Andaman and Nicobar Islands,Constituency 249,YSRCP,Lok Sabha,147000000,28,23,58282294.1,50.574999999999996,23,82.14285714285714,39.64781911564626,60.528271326530614,64.11,High Risk
MP0329,MP Representative 329,Andaman and Nicobar Islands,Constituency 329,DMK,Lok Sabha,147000000,28,23,56806499.76,49.58678571428572,23,82.14285714285714,38.6438773877551,62.034183918367354,64.09,High Risk
MP0433,MP Representative 433,Sikkim,Constituency 433,INC,Lok Sabha,147000000,27,22,54435907.19,48.64148148148148,22,81.48148148148148,37.03122938095238,64.45315592857142,64.09,High Risk
MP0387,MP Representative 387,Manipur,Constituency 387,TMC,Lok Sabha,147000000,27,20,39161175.3,45.160740740740735,18,74.07407407407408,26.640255306122445,80.03961704081634,64.0,High Risk
MP0423,MP Representative 423,Sikkim,Constituency 423,TMC,Lok Sabha,165000000,27,20,38652378.37,42.09,17,74.07407407407408,23.425683860606057,84.86147420909091,63.98,High Risk
MP0519,MP Representative 519,Andaman and Nicobar Islands,Constituency 519,TMC,Lok Sabha,147000000,27,19,31090855.64,43.19814814814814,19,70.37037037037037,21.15024193197279,88.27463710204083,63.98,High Risk
MP0367,MP Representative 367,Manipur,Constituency 367,JD(U),Lok Sabha,147000000,27,22,53674544.02,47.78370370370371,22,81.48148148148148,36.51329525170068,65.23005712244898,63.94,High Risk
MP0237,MP Representative 237,Manipur,Constituency 237,YSRCP,Lok Sabha,147000000,28,24,65930304.71,51.84321428571428,22,85.71428571428571,44.85054742176871,52.724178867346936,63.92,High Risk
MP0082,MP Representative 082,Manipur,Constituency 082,TDP,Lok Sabha,147000000,28,21,40280533.45,44.78928571428571,21,75.0,27.401723435374155,78.89741484693877,63.89,High Risk
MP0386,MP Representative 386,Haryana,Constituency 386,AAP,Lok Sabha,147000000,27,22,54615868.47,48.15074074074074,22,81.48148148148148,37.15365202040816,64.26952196938777,63.85,High Risk
MP0319,MP Representative 319,Andaman and Nicobar Islands,Constituency 319,JD(U),Lok Sabha,147000000,28,21,41291073.29,45.058928571428574,21,75.0,28.089165503401357,77.86625174489797,63.74,High Risk
MP0262,MP Representative 262,Manipur,Constituency 262,TDP,Lok Sabha,147000000,28,21,41142107.76,44.902857142857144,19,75.0,27.987828408163264,78.0182573877551,63.72,High Risk
MP0149,MP Representative 149,Andaman and Nicobar Islands,Constituency 149,DMK,Lok Sabha,147000000,28,21,40096067.19,44.157500000000006,19,75.0,27.27623618367347,79.0856457244898,63.68,High Risk
MP0346,MP Representative 346,Haryana,Constituency 346,TDP,Lok Sabha,147000000,28,21,42537676.71,45.714642857142856,20,75.0,28.937195040816327,76.59420743877551,63.68,High Risk
MP0181,MP Representative 181,Haryana,Constituency 181,INC,Lok Sabha,147000000,28,20,35343420.78,44.154999999999994,20,71.42857142857143,24.0431433877551,83.93528491836734,63.65,High Risk
MP0165,MP Representative 165,Andhra Pradesh,Constituency 165,YSRCP,Rajya Sabha,147000000,28,22,49711354.87,46.98142857142857,20,78.57142857142857,33.81724821088435,69.27412768367347,63.61,High Risk
MP0304,MP Representative 304,Andaman and Nicobar Islands,Constituency 304,BJD,Lok Sabha,147000000,28,23,56578954.41,48.18928571428571,22,82.14285714285714,38.48908463265306,62.26637305102041,63.59,High Risk
MP0489,MP Representative 489,Andaman and Nicobar Islands,Constituency 489,YSRCP,Lok Sabha,147000000,27,23,62643340.71,49.171851851851855,22,85.18518518518519,42.614517489795915,56.07822376530613,63.5,High Risk
MP0219,MP Representative 219,Andaman and Nicobar Islands,Constituency 219,TMC,Lok Sabha,147000000,28,21,41055245.38,44.16892857142857,21,75.0,27.9287383537415,78.10689246938774,63.44,High Risk
MP0090,MP Representative 090,Andhra Pradesh,Constituency 090,SP,Rajya Sabha,122500000,28,21,37797031.36,46.80428571428571,21,75.0,30.85471947755102,73.71792078367348,63.4,High Risk
MP0402,MP Representative 402,Manipur,Constituency 402,SP,Lok Sabha,147000000,27,21,49998608.45,47.255185185185184,21,77.77777777777779,34.01265880952381,68.98101178571429,63.37,High Risk
MP0074,MP Representative 074,Andaman and Nicobar Islands,Constituency 074,AAP,Lok Sabha,147000000,28,22,49661282.86,46.31,20,78.57142857142857,33.783185619047615,69.32522157142859,63.36,High Risk
MP0119,MP Representative 119,Andaman and Nicobar Islands,Constituency 119,Other,Lok Sabha,147000000,28,23,61044722.24,49.70357142857143,23,82.14285714285714,41.52702193197279,57.70946710204082,63.06,High Risk
MP0460,MP Representative 460,Andhra Pradesh,Constituency 460,BJD,Rajya Sabha,147000000,27,22,57794009.27,48.153703703703705,21,81.48148148148148,39.31565256462585,61.026521153061225,63.04,High Risk
MP0268,MP Representative 268,Sikkim,Constituency 268,BJD,Lok Sabha,147000000,28,23,62301459.0,50.442857142857136,22,82.14285714285714,42.38194489795919,56.42708265306122,63.03,High Risk
MP0078,MP Representative 078,Sikkim,Constituency 078,SP,Lok Sabha,147000000,28,22,53517474.29,47.86142857142857,22,78.57142857142857,36.40644509523809,65.39033235714287,62.99,High Risk
MP0160,MP Representative 160,Andhra Pradesh,Constituency 160,BJD,Rajya Sabha,147000000,28,22,50216560.26,45.68571428571429,20,78.57142857142857,34.160925346938775,68.75861197959183,62.96,High Risk
MP0473,MP Representative 473,Sikkim,Constituency 473,DMK,Lok Sabha,147000000,27,19,34287833.38,42.577777777777776,18,70.37037037037037,23.325056721088437,85.01241491836734,62.91,High Risk
MP0376,MP Representative 376,Haryana,Constituency 376,BJD,Lok Sabha,147000000,27,22,59913838.1,49.03111111111111,21,81.48148148148148,40.75771299319728,58.86343051020408,62.85,High Risk
MP0498,MP Representative 498,Sikkim,Constituency 498,SP,Lok Sabha,147000000,27,18,28686300.3,41.93703703703704,17,66.66666666666666,19.514490000000002,90.728265,62.79,High Risk
MP0129,MP Representative 129,Andaman and Nicobar Islands,Constituency 129,YSRCP,Lok Sabha,147000000,28,20,39251985.84,44.50285714285714,18,71.42857142857143,26.70203118367347,79.94695322448979,62.79,High Risk
MP0166,MP Representative 166,Haryana,Constituency 166,TDP,Lok Sabha,147000000,28,20,38923369.87,44.261785714285715,20,71.42857142857143,26.4784829047619,80.28227564285714,62.78,High Risk
MP0299,MP Representative 299,Andaman and Nicobar Islands,Constituency 299,Other,Lok Sabha,147000000,28,22,52050798.980000004,46.35285714285715,20,78.57142857142857,35.408706789115655,66.88693981632652,62.76,High Risk
MP0392,MP Representative 392,Manipur,Constituency 392,RJD,Lok Sabha,147000000,27,20,42321909.63,44.06777777777778,17,74.07407407407408,28.790414714285717,76.81437792857142,62.76,High Risk
MP0124,MP Representative 124,Andaman and Nicobar Islands,Constituency 124,BJD,Lok Sabha,147000000,28,20,38023895.949999996,43.57678571428572,20,71.42857142857143,25.86659588435374,81.20010617346938,62.73,High Risk
MP0517,MP Representative 517,Manipur,Constituency 517,INC,Lok Sabha,147000000,27,22,55957575.160000004,46.154444444444444,22,81.48148148148148,38.066377659863946,62.90043351020408,62.71,High Risk
MP0122,MP Representative 122,Manipur,Constituency 122,AAP,Lok Sabha,147000000,28,22,54823428.89,47.94321428571429,20,78.57142857142857,37.294849585034015,64.05772562244897,62.69,High Risk
MP0136,MP Representative 136,Haryana,Constituency 136,BJD,Lok Sabha,147000000,28,21,46288421.89,45.45321428571429,20,75.0,31.48872237414966,72.76691643877551,62.62,High Risk
MP0049,MP Representative 049,Andaman and Nicobar Islands,Constituency 049,INC,Lok Sabha,147000000,28,19,33181694.79,43.26428571428572,19,67.85714285714286,22.57258148979592,86.14112776530612,62.59,High Risk
MP0441,MP Representative 441,Haryana,Constituency 441,YSRCP,Lok Sabha,147000000,27,21,49342796.39,44.88,19,77.77777777777779,33.56652815646258,69.65020776530613,62.59,High Risk
MP0466,MP Representative 466,Haryana,Constituency 466,TDP,Lok Sabha,147000000,27,21,52508673.64,46.85851851851852,21,77.77777777777779,35.72018614965987,66.4197207755102,62.57,High Risk
MP0471,MP Representative 471,Haryana,Constituency 471,TMC,Lok Sabha,147000000,27,19,37897244.4,43.98074074074074,19,70.37037037037037,25.780438367346935,81.3293424489796,62.55,High Risk
MP0457,MP Representative 457,Manipur,Constituency 457,INC,Lok Sabha,147000000,27,23,71288989.13,52.1862962962963,23,85.18518518518519,48.49591097278911,47.256133540816336,62.5,High Risk
MP0245,MP Representative 245,Andhra Pradesh,Constituency 245,DMK,Rajya Sabha,147000000,28,23,64469235.29,50.25607142857143,22,82.14285714285714,43.8566226462585,54.21506603061225,62.41,High Risk
MP0103,MP Representative 103,Sikkim,Constituency 103,JD(U),Lok Sabha,147000000,28,22,55543654.480000004,47.68,22,78.57142857142857,37.7847989659864,63.322801551020405,62.4,High Risk
MP0432,MP Representative 432,Manipur,Constituency 432,BJP,Lok Sabha,122500000,27,24,60764696.519999996,49.65185185185185,24,88.88888888888889,49.60383389387755,45.594249159183676,62.37,High Risk
MP0174,MP Representative 174,Andaman and Nicobar Islands,Constituency 174,SP,Lok Sabha,147000000,28,22,59377553.33,49.916428571428575,20,78.57142857142857,40.392893421768704,59.41065986734694,62.32,High Risk
MP0183,MP Representative 183,Sikkim,Constituency 183,TMC,Lok Sabha,147000000,28,22,53524444.14,46.13392857142857,20,78.57142857142857,36.411186489795924,65.38322026530611,62.3,High Risk
MP0354,MP Representative 354,Andaman and Nicobar Islands,Constituency 354,SP,Lok Sabha,147000000,28,23,64044088.72,49.65071428571429,23,82.14285714285714,43.56740729251701,54.64888906122448,62.27,High Risk
MP0199,MP Representative 199,Andaman and Nicobar Islands,Constituency 199,JD(U),Lok Sabha,147000000,28,21,47310614.45,45.190714285714286,20,75.0,32.18409146258504,71.72386280612244,62.26,High Risk
MP0142,MP Representative 142,Manipur,Constituency 142,TDP,Lok Sabha,147000000,28,20,39183073.63,43.00392857142857,20,71.42857142857143,26.655152129251704,80.01727180612244,62.21,High Risk
MP0509,MP Representative 509,Andaman and Nicobar Islands,Constituency 509,DMK,Lok Sabha,147000000,27,21,53092923.22,46.229629629629635,19,77.77777777777779,36.11763484353742,65.82354773469388,62.17,High Risk
MP0013,MP Representative 013,Sikkim,Constituency 013,INC,Lok Sabha,147000000,28,22,54289194.61,46.291071428571435,22,78.57142857142857,36.931424904761904,64.60286264285715,62.17,High Risk
MP0511,MP Representative 511,Haryana,Constituency 511,JD(U),Lok Sabha,147000000,27,21,50797281.25,44.50296296296296,20,77.77777777777779,34.555973639455786,68.16603954081631,62.06,High Risk
MP0070,MP Representative 070,Andhra Pradesh,Constituency 070,TDP,Rajya Sabha,147000000,28,22,53613116.1,45.56071428571429,22,78.57142857142857,36.47150755102041,65.29273867346939,62.05,High Risk
MP0341,MP Representative 341,Haryana,Constituency 341,DMK,Lok Sabha,147000000,28,22,53804815.37,45.589642857142856,21,78.57142857142857,36.60191521768708,65.09712717346937,62.01,High Risk
MP0246,MP Representative 246,Haryana,Constituency 246,SP,Lok Sabha,147000000,28,22,56933206.5,47.55642857142857,21,78.57142857142857,38.73007244897959,61.90489132653062,62.0,High Risk
MP0447,MP Representative 447,Manipur,Constituency 447,TMC,Lok Sabha,147000000,27,21,53718633.43,46.075185185185184,20,77.77777777777779,36.54328804761905,65.18506792857143,61.95,High Risk
MP0097,MP Representative 097,Manipur,Constituency 097,INC,Lok Sabha,147000000,28,21,47741084.05,44.628214285714286,20,75.0,32.47692792517007,71.2846081122449,61.92,High Risk
MP0269,MP Representative 269,Andaman and Nicobar Islands,Constituency 269,DMK,Lok Sabha,147000000,28,22,54231056.21,45.60892857142857,19,78.57142857142857,36.89187497278912,64.66218754081632,61.91,High Risk
MP0062,MP Representative 062,Manipur,Constituency 062,AAP,Lok Sabha,147000000,28,23,65078088.88,49.37428571428571,23,82.14285714285714,44.27080876190476,53.59378685714286,61.9,High Risk
MP0522,MP Representative 522,Manipur,Constituency 522,SP,Lok Sabha,147000000,27,22,65807214.64,50.28703703703704,22,81.48148148148148,44.76681268027211,52.849780979591834,61.85,High Risk
MP0363,MP Representative 363,Sikkim,Constituency 363,TMC,Lok Sabha,147000000,28,20,41418552.42,43.3925,20,71.42857142857143,28.175886,77.736171,61.79,High Risk
MP0453,MP Representative 453,Sikkim,Constituency 453,YSRCP,Lok Sabha,147000000,27,21,54356048.94,46.096666666666664,21,77.77777777777779,36.97690404081633,64.5346439387755,61.79,High Risk
MP0515,MP Representative 515,Andhra Pradesh,Constituency 515,Other,Rajya Sabha,147000000,27,19,37767935.730000004,41.97333333333333,18,70.37037037037037,25.69247328571429,81.46129007142858,61.78,High Risk
MP0106,MP Representative 106,Haryana,Constituency 106,TDP,Lok Sabha,147000000,28,20,41577802.22,43.230357142857144,19,71.42857142857143,28.284219197278908,77.57367120408163,61.69,High Risk
MP0003,MP Representative 003,Sikkim,Constituency 003,TMC,Lok Sabha,147000000,28,22,59336029.62,48.29607142857143,20,78.57142857142857,40.364646,59.453030999999996,61.68,High Risk
MP0415,MP Representative 415,Andhra Pradesh,Constituency 415,JD(U),Rajya Sabha,147000000,27,21,55895748.160000004,46.729629629629635,20,77.77777777777779,38.02431847619048,62.96352228571428,61.65,High Risk
MP0135,MP Representative 135,Andhra Pradesh,Constituency 135,TMC,Rajya Sabha,122500000,28,22,47646899.7,46.79071428571428,22,78.57142857142857,38.89542832653061,61.65685751020408,61.63,High Risk
MP0100,MP Representative 100,Andhra Pradesh,Constituency 100,BJD,Rajya Sabha,147000000,28,21,48930539.78,44.532500000000006,21,75.0,33.2860814829932,70.07087777551021,61.58,High Risk
MP0478,MP Representative 478,Sikkim,Constituency 478,TDP,Lok Sabha,147000000,27,19,41311454.519999996,43.574444444444445,19,70.37037037037037,28.103030285714283,77.84545457142858,61.52,High Risk
MP0373,MP Representative 373,Sikkim,Constituency 373,INC,Lok Sabha,147000000,27,19,39849295.05,42.559999999999995,19,70.37037037037037,27.108363979591836,79.33745403061225,61.49,High Risk
MP0449,MP Representative 449,Andaman and Nicobar Islands,Constituency 449,DMK,Lok Sabha,147000000,27,21,55920018.4,46.3137037037037,19,77.77777777777779,38.04082884353742,62.93875673469387,61.48,High Risk
MP0034,MP Representative 034,Andaman and Nicobar Islands,Constituency 034,TDP,Lok Sabha,147000000,28,19,35933680.21,42.13964285714286,19,67.85714285714286,24.444680414965987,83.33297937755103,61.44,High Risk
MP0170,MP Representative 170,Andhra Pradesh,Constituency 170,AAP,Rajya Sabha,147000000,28,22,58600207.08,46.97821428571428,21,78.57142857142857,39.86408644897959,60.20387032653061,61.34,High Risk
MP0349,MP Representative 349,Andaman and Nicobar Islands,Constituency 349,INC,Lok Sabha,147000000,28,19,37494250.17,42.739285714285714,19,67.85714285714286,25.50629263265306,81.74056105102042,61.28,High Risk
MP0026,MP Representative 026,Haryana,Constituency 026,AAP,Lok Sabha,147000000,28,21,50547891.3,44.53321428571429,21,75.0,34.386320612244894,68.42051908163266,61.17,High Risk
MP0303,MP Representative 303,Sikkim,Constituency 303,TMC,Lok Sabha,147000000,28,20,44710075.37,43.76892857142857,20,71.42857142857143,30.4150172585034,74.3774741122449,61.1,High Risk
MP0451,MP Representative 451,Haryana,Constituency 451,JD(U),Lok Sabha,147000000,27,21,57145819.74,45.99037037037037,20,77.77777777777779,38.87470730612245,61.68793904081632,61.04,High Risk
MP0456,MP Representative 456,Haryana,Constituency 456,BJP,Lok Sabha,147000000,27,19,39577696.34,41.161111111111104,18,70.37037037037037,26.923602952380953,79.61459557142857,61.0,High Risk
MP0372,MP Representative 372,Manipur,Constituency 372,BJP,Lok Sabha,147000000,27,18,32215882.27,39.626296296296296,17,66.66666666666666,21.915566170068026,87.12665074489796,60.97,High Risk
MP0261,MP Representative 261,Haryana,Constituency 261,YSRCP,Lok Sabha,122500000,28,21,45117956.51,46.29785714285714,21,75.0,36.83098490612245,64.75352264081633,60.96,High Risk
MP0518,MP Representative 518,Sikkim,Constituency 518,AAP,Lok Sabha,147000000,27,21,58681802.04,46.54222222222223,21,77.77777777777779,39.919593224489795,60.12061016326531,60.87,High Risk
MP0079,MP Representative 079,Andaman and Nicobar Islands,Constituency 079,JD(U),Lok Sabha,147000000,28,22,55229048.3,43.582142857142856,19,78.57142857142857,37.57078115646259,63.64382826530612,60.84,High Risk
MP0071,MP Representative 071,Haryana,Constituency 071,Other,Lok Sabha,147000000,28,19,36620634.37,41.03035714285714,18,67.85714285714286,24.911996170068026,82.63200574489797,60.82,High Risk
MP0394,MP Representative 394,Andaman and Nicobar Islands,Constituency 394,TDP,Lok Sabha,147000000,27,21,61474339.15,48.01,21,77.77777777777779,41.81927833333333,57.271082500000006,60.74,High Risk
MP0162,MP Representative 162,Manipur,Constituency 162,SP,Lok Sabha,147000000,28,20,44670777.72,42.59535714285715,18,71.42857142857143,30.388284163265304,74.41757375510204,60.64,High Risk
MP0023,MP Representative 023,Sikkim,Constituency 023,Other,Lok Sabha,147000000,28,18,30628771.24,39.77214285714285,17,64.28571428571429,20.835898802721086,88.74615179591837,60.6,High Risk
MP0223,MP Representative 223,Sikkim,Constituency 223,JD(U),Lok Sabha,147000000,28,22,59819560.02,45.84571428571429,21,78.57142857142857,40.69357824489796,58.95963263265307,60.58,High Risk
MP0289,MP Representative 289,Andaman and Nicobar Islands,Constituency 289,INC,Lok Sabha,147000000,28,22,60890616.32,46.48964285714286,22,78.57142857142857,41.42218797278912,57.86671804081632,60.56,High Risk
MP0305,MP Representative 305,Andhra Pradesh,Constituency 305,DMK,Rajya Sabha,147000000,28,20,47747177.51,44.18178571428571,19,71.42857142857143,32.48107313605442,71.27839029591837,60.49,High Risk
MP0027,MP Representative 027,Manipur,Constituency 027,TMC,Lok Sabha,165000000,28,21,59559827.11,44.42428571428571,20,75.0,36.096864915151514,65.85470262727273,60.48,High Risk
MP0032,MP Representative 032,Manipur,Constituency 032,RJD,Lok Sabha,147000000,28,22,61644077.7,46.56428571428571,22,78.57142857142857,41.93474673469388,57.097879897959174,60.4,High Risk
MP0508,MP Representative 508,Sikkim,Constituency 508,BJD,Lok Sabha,147000000,27,19,45902528.47,43.565185185185186,19,70.37037037037037,31.22620984353742,73.16068523469387,60.35,High Risk
MP0214,MP Representative 214,Andaman and Nicobar Islands,Constituency 214,TDP,Lok Sabha,147000000,28,21,53194456.43,44.162142857142854,21,75.0,36.18670505442177,65.71994241836734,60.34,High Risk
MP0424,MP Representative 424,Andaman and Nicobar Islands,Constituency 424,BJD,Lok Sabha,147000000,27,21,62197651.7,47.42629629629629,19,77.77777777777779,42.31132768707484,56.533008469387745,60.33,High Risk
MP0240,MP Representative 240,Andhra Pradesh,Constituency 240,BJP,Rajya Sabha,147000000,28,20,47894137.86,43.83821428571429,19,71.42857142857143,32.581046163265306,71.12843075510204,60.32,High Risk
MP0094,MP Representative 094,Andaman and Nicobar Islands,Constituency 094,TDP,Lok Sabha,147000000,28,21,55949171.84,45.862857142857145,20,75.0,38.06066111564626,62.90900832653061,60.32,High Risk
MP0325,MP Representative 325,Andhra Pradesh,Constituency 325,INC,Rajya Sabha,147000000,28,20,46507723.39,42.964642857142856,19,71.42857142857143,31.63790706802721,72.54313939795918,60.32,High Risk
MP0264,MP Representative 264,Andaman and Nicobar Islands,Constituency 264,BJP,Lok Sabha,147000000,28,21,56882696.08,46.39714285714286,20,75.0,38.69571161904762,61.956432571428564,60.3,High Risk
MP0021,MP Representative 021,Haryana,Constituency 021,YSRCP,Lok Sabha,147000000,28,21,55013425.29,45.15535714285714,20,75.0,37.42409883673469,63.86385174489796,60.28,High Risk
MP0036,MP Representative 036,Haryana,Constituency 036,BJP,Lok Sabha,147000000,28,21,53763756.44,44.17607142857143,20,75.0,36.573983972789115,65.13902404081632,60.21,High Risk
MP0311,MP Representative 311,Haryana,Constituency 311,Other,Lok Sabha,147000000,28,21,57440023.45,46.457857142857144,21,75.0,39.07484588435374,61.38773117346939,60.18,High Risk
MP0333,MP Representative 333,Sikkim,Constituency 333,YSRCP,Lok Sabha,245000000,28,21,99684367.47,47.96107142857143,20,75.0,40.68749692653061,58.96875461020408,60.18,High Risk
MP0168,MP Representative 168,Sikkim,Constituency 168,BJP,Lok Sabha,147000000,28,20,46252588.78,42.40821428571429,17,71.42857142857143,31.46434610884354,72.80348083673468,60.16,High Risk
MP0058,MP Representative 058,Sikkim,Constituency 058,TDP,Lok Sabha,147000000,28,20,46327904.9,42.338928571428575,18,71.42857142857143,31.51558156462585,72.72662765306123,60.12,High Risk
MP0123,MP Representative 123,Sikkim,Constituency 123,TMC,Lok Sabha,147000000,28,21,55821554.43,45.25642857142857,19,75.0,37.97384655102041,63.03923017346939,60.11,High Risk
MP0147,MP Representative 147,Manipur,Constituency 147,TMC,Lok Sabha,147000000,28,19,39127291.92,40.80357142857143,18,67.85714285714286,26.617205387755106,80.07419191836735,60.09,High Risk
MP0029,MP Representative 029,Andaman and Nicobar Islands,Constituency 029,DMK,Lok Sabha,147000000,28,22,61735580.56,45.82892857142857,19,78.57142857142857,41.9969935782313,57.004509632653054,60.08,High Risk
MP0279,MP Representative 279,Andaman and Nicobar Islands,Constituency 279,TMC,Lok Sabha,245000000,28,20,79113822.69,42.80392857142857,19,71.42857142857143,32.291356199999996,71.5629657,60.01,High Risk
MP0191,MP Representative 191,Haryana,Constituency 191,Other,Lok Sabha,147000000,28,23,69682051.47,47.57,21,82.14285714285714,47.40275610204082,48.895865846938776,60.0,High Risk
MP0477,MP Representative 477,Manipur,Constituency 477,YSRCP,Lok Sabha,245000000,27,19,72652124.64,41.00703703703704,19,70.37037037037037,29.653928424489795,75.5191073632653,59.91,High Risk
MP0218,MP Representative 218,Sikkim,Constituency 218,AAP,Lok Sabha,147000000,28,21,58568138.04,46.410714285714285,20,75.0,39.8422707755102,60.2365938367347,59.87,High Risk
MP0502,MP Representative 502,Manipur,Constituency 502,TDP,Lok Sabha,147000000,27,20,53811358.51,43.979629629629635,17,74.07407407407408,36.606366333333334,65.0904505,59.79,High Risk
MP0382,MP Representative 382,Manipur,Constituency 382,TDP,Lok Sabha,147000000,27,21,64573562.24,47.56777777777778,21,77.77777777777779,43.92759336054422,54.10860995918367,59.78,High Risk
MP0540,MP Representative 540,Andhra Pradesh,Constituency 540,BJP,Rajya Sabha,122500000,27,22,56984833.84,46.73148148148148,20,81.48148148148148,46.51823170612246,50.22265244081632,59.77,High Risk
MP0175,MP Representative 175,Andhra Pradesh,Constituency 175,JD(U),Rajya Sabha,147000000,28,21,56128233.14,44.537142857142854,20,75.0,38.182471523809525,62.72629271428571,59.75,High Risk
MP0069,MP Representative 069,Andaman and Nicobar Islands,Constituency 069,YSRCP,Lok Sabha,147000000,28,20,49822753.68,43.49821428571429,19,71.42857142857143,33.89302971428572,69.16045542857142,59.69,High Risk
MP0075,MP Representative 075,Andhra Pradesh,Constituency 075,TMC,Rajya Sabha,147000000,28,20,51306985.31,44.42642857142857,20,71.42857142857143,34.9027110952381,67.64593335714285,59.68,High Risk
MP0125,MP Representative 125,Andhra Pradesh,Constituency 125,DMK,Rajya Sabha,147000000,28,20,47262585.46,41.75964285714286,17,71.42857142857143,32.15141868027211,71.77287197959184,59.65,High Risk
MP0271,MP Representative 271,Haryana,Constituency 271,JD(U),Lok Sabha,147000000,28,22,65344476.09,46.978571428571435,22,78.57142857142857,44.45202455102041,53.321963173469385,59.62,High Risk
MP0118,MP Representative 118,Sikkim,Constituency 118,TDP,Lok Sabha,147000000,28,22,65646159.64,47.026428571428575,20,78.57142857142857,44.657251455782315,53.01412281632653,59.56,High Risk
MP0495,MP Representative 495,Andhra Pradesh,Constituency 495,TMC,Rajya Sabha,147000000,27,19,48660331.58,43.26888888888889,19,70.37037037037037,33.10226638095238,70.34660042857143,59.52,High Risk
MP0425,MP Representative 425,Andhra Pradesh,Constituency 425,DMK,Rajya Sabha,147000000,27,21,62368598.62,45.447037037037035,21,77.77777777777779,42.42761810884353,56.3585728367347,59.49,High Risk
MP0266,MP Representative 266,Haryana,Constituency 266,AAP,Lok Sabha,147000000,28,20,51273281.18,43.48535714285714,18,71.42857142857143,34.879783115646255,67.68032532653062,59.31,High Risk
MP0080,MP Representative 080,Andhra Pradesh,Constituency 080,RJD,Rajya Sabha,147000000,28,21,57794111.59,44.407500000000006,21,75.0,39.31572217006803,61.02641674489796,59.27,High Risk
MP0102,MP Representative 102,Manipur,Constituency 102,SP,Lok Sabha,147000000,28,21,60094311.19,45.835,20,75.0,40.88048380272109,58.67927429591837,59.25,High Risk
MP0022,MP Representative 022,Manipur,Constituency 022,TDP,Lok Sabha,147000000,28,21,58805087.26,44.81928571428572,19,75.0,40.00346072108844,59.99480891836734,59.18,High Risk
MP0280,MP Representative 280,Andhra Pradesh,Constituency 280,BJD,Rajya Sabha,147000000,28,20,51865083.870000005,43.46321428571429,18,71.42857142857143,35.282369979591834,67.07644503061225,59.15,High Risk
MP0085,MP Representative 085,Andhra Pradesh,Constituency 085,INC,Rajya Sabha,147000000,28,20,51365169.38,43.07928571428572,20,71.42857142857143,34.942292095238095,67.58656185714285,59.13,High Risk
MP0310,MP Representative 310,Andhra Pradesh,Constituency 310,TDP,Rajya Sabha,147000000,28,22,65724934.910000004,45.96821428571429,20,78.57142857142857,44.71084007482993,52.9337398877551,59.12,High Risk
MP0086,MP Representative 086,Haryana,Constituency 086,AAP,Lok Sabha,147000000,28,22,66705925.43,46.50642857142857,19,78.57142857142857,45.37818056462585,51.932729153061224,59.09,High Risk
MP0206,MP Representative 206,Haryana,Constituency 206,AAP,Lok Sabha,147000000,28,21,59688794.27,45.09285714285714,21,75.0,40.60462195238095,59.09306707142857,59.06,High Risk
MP0275,MP Representative 275,Andhra Pradesh,Constituency 275,Other,Rajya Sabha,147000000,28,19,43041406.08,40.67857142857143,17,67.85714285714286,29.279868081632653,76.08019787755102,59.04,High Risk
MP0178,MP Representative 178,Sikkim,Constituency 178,TDP,Lok Sabha,147000000,28,22,65992256.09,45.879642857142855,21,78.57142857142857,44.89269121768707,52.66096317346939,59.02,High Risk
MP0182,MP Representative 182,Manipur,Constituency 182,AAP,Lok Sabha,147000000,28,21,59414436.58,44.5875,19,75.0,40.41798406802721,59.373023897959186,58.93,High Risk
MP0407,MP Representative 407,Manipur,Constituency 407,Other,Lok Sabha,147000000,27,17,35553320.08,39.87518518518518,17,62.96296296296296,24.18593202721088,83.72110195918367,58.92,High Risk
MP0300,MP Representative 300,Andhra Pradesh,Constituency 300,BJP,Rajya Sabha,147000000,28,23,74653646.5,47.96214285714286,23,82.14285714285714,50.78479353741496,43.82280969387756,58.89,High Risk
MP0504,MP Representative 504,Andaman and Nicobar Islands,Constituency 504,BJP,Lok Sabha,165000000,27,20,62220414.57,42.75888888888889,20,74.07407407407408,37.709342163636364,63.43598675454545,58.89,High Risk
MP0353,MP Representative 353,Sikkim,Constituency 353,DMK,Lok Sabha,147000000,28,20,54264635.7,44.20642857142857,20,71.42857142857143,36.914718163265306,64.62792275510205,58.84,High Risk
MP0238,MP Representative 238,Sikkim,Constituency 238,TDP,Lok Sabha,147000000,28,21,62408042.91,46.15392857142857,21,75.0,42.45445095918367,56.3183235612245,58.79,High Risk
MP0327,MP Representative 327,Manipur,Constituency 327,TMC,Lok Sabha,147000000,28,23,74445413.24000001,47.5675,19,82.14285714285714,50.643138258503406,44.03529261224489,58.79,High Risk
MP0413,MP Representative 413,Sikkim,Constituency 413,DMK,Lok Sabha,147000000,27,18,44080169.96,41.697037037037035,16,66.66666666666666,29.986510176870752,75.02023473469387,58.77,High Risk
MP0326,MP Representative 326,Haryana,Constituency 326,AAP,Lok Sabha,147000000,28,20,51390288.28,41.92178571428571,19,71.42857142857143,34.95937978231293,67.56093032653061,58.66,High Risk
MP0039,MP Representative 039,Andaman and Nicobar Islands,Constituency 039,TMC,Lok Sabha,147000000,28,21,61704666.22,45.35071428571428,21,75.0,41.97596341496598,57.036054877551024,58.65,High Risk
MP0184,MP Representative 184,Andaman and Nicobar Islands,Constituency 184,BJD,Lok Sabha,147000000,28,19,46005132.28,41.53035714285714,18,67.85714285714286,31.2960083537415,73.05598746938776,58.63,High Risk
MP0377,MP Representative 377,Manipur,Constituency 377,DMK,Lok Sabha,147000000,27,22,76481949.89,48.98037037037037,20,81.48148148148148,52.02853734013605,41.957193989795925,58.6,High Risk
MP0195,MP Representative 195,Andhra Pradesh,Constituency 195,TMC,Rajya Sabha,147000000,28,21,62178525.28,45.51714285714286,20,75.0,42.2983165170068,56.5525252244898,58.59,High Risk
MP0185,MP Representative 185,Andhra Pradesh,Constituency 185,DMK,Rajya Sabha,147000000,28,21,61837942.0,44.93607142857143,19,75.0,42.066627210884356,56.90005918367346,58.45,High Risk
MP0239,MP Representative 239,Andaman and Nicobar Islands,Constituency 239,Other,Lok Sabha,147000000,28,20,53540873.11,42.70071428571429,19,71.42857142857143,36.42236265986394,65.36645601020409,58.42,High Risk
MP0403,MP Representative 403,Sikkim,Constituency 403,JD(U),Lok Sabha,147000000,27,19,53205744.76,43.31333333333333,19,70.37037037037037,36.194384190476185,65.70842371428571,58.38,High Risk
MP0526,MP Representative 526,Haryana,Constituency 526,TDP,Lok Sabha,147000000,27,18,44063376.95,40.665925925925926,18,66.66666666666666,29.975086360544218,75.03737045918368,58.36,High Risk
MP0037,MP Representative 037,Manipur,Constituency 037,INC,Lok Sabha,147000000,28,22,69012374.83,46.11892857142857,20,78.57142857142857,46.94719376190476,49.579209357142865,58.34,High Risk
MP0309,MP Representative 309,Andaman and Nicobar Islands,Constituency 309,YSRCP,Lok Sabha,147000000,28,19,46487075.03,41.11464285714286,18,67.85714285714286,31.62386056462585,72.56420915306123,58.34,High Risk
MP0501,MP Representative 501,Haryana,Constituency 501,YSRCP,Lok Sabha,147000000,27,20,59157732.04,43.4862962962963,18,74.07407407407408,40.243355129251704,59.63496730612245,58.23,High Risk
MP0347,MP Representative 347,Manipur,Constituency 347,Other,Lok Sabha,147000000,28,20,54956389.73,43.095000000000006,20,71.42857142857143,37.385299136054414,63.92205129591838,58.22,High Risk
MP0513,MP Representative 513,Sikkim,Constituency 513,YSRCP,Lok Sabha,165000000,27,19,56104541.33,40.85925925925926,18,70.37037037037037,34.00275232121212,68.99587151818181,58.22,High Risk
MP0359,MP Representative 359,Andaman and Nicobar Islands,Constituency 359,Other,Lok Sabha,147000000,28,21,63014773.78,45.04,20,75.0,42.867193047619054,55.69921042857142,58.19,High Risk
MP0144,MP Representative 144,Andaman and Nicobar Islands,Constituency 144,BJP,Lok Sabha,147000000,28,19,47057459.0,40.89214285714286,19,67.85714285714286,32.0118768707483,71.98218469387754,58.1,High Risk
MP0420,MP Representative 420,Andhra Pradesh,Constituency 420,BJP,Rajya Sabha,147000000,27,19,51044697.23,41.019999999999996,19,70.37037037037037,34.72428382993197,67.91357425510205,58.02,High Risk
MP0507,MP Representative 507,Manipur,Constituency 507,TMC,Lok Sabha,147000000,27,20,61062166.6,44.11962962962963,19,74.07407407407408,41.538888843537414,57.69166673469388,58.0,High Risk
MP0390,MP Representative 390,Andhra Pradesh,Constituency 390,SP,Rajya Sabha,147000000,27,18,47676439.29,41.75185185185185,18,66.66666666666666,32.432951897959185,71.35057215306122,57.87,High Risk
MP0337,MP Representative 337,Manipur,Constituency 337,INC,Lok Sabha,147000000,28,20,55828220.51,42.63321428571429,19,71.42857142857143,37.97838129931972,63.03242805102042,57.81,High Risk
MP0073,MP Representative 073,Sikkim,Constituency 073,INC,Lok Sabha,147000000,28,20,57894338.39,43.88642857142857,20,71.42857142857143,39.38390366666667,60.9241445,57.79,High Risk
MP0534,MP Representative 534,Andaman and Nicobar Islands,Constituency 534,SP,Lok Sabha,147000000,27,18,46202533.42,40.55,18,66.66666666666666,31.430294843537414,72.85455773469388,57.77,High Risk
MP0197,MP Representative 197,Manipur,Constituency 197,DMK,Lok Sabha,147000000,28,20,59074305.36,44.582142857142856,18,71.42857142857143,40.18660228571429,59.72009657142857,57.76,High Risk
MP0007,MP Representative 007,Manipur,Constituency 007,JD(U),Lok Sabha,147000000,28,21,66550149.199999996,45.847500000000004,21,75.0,45.27221034013605,52.091684489795924,57.61,High Risk
MP0472,MP Representative 472,Manipur,Constituency 472,BJD,Lok Sabha,147000000,27,20,61713110.1,43.3437037037037,20,74.07407407407408,41.981707551020406,57.02743867346939,57.52,High Risk
MP0220,MP Representative 220,Andhra Pradesh,Constituency 220,BJD,Rajya Sabha,147000000,28,22,73528637.77,46.846785714285716,20,78.57142857142857,50.01948147619048,44.97077778571428,57.48,High Risk
MP0475,MP Representative 475,Andhra Pradesh,Constituency 475,JD(U),Rajya Sabha,147000000,27,20,60446632.85,42.40037037037037,20,74.07407407407408,41.12015840136055,58.31976239795918,57.47,High Risk
MP0031,MP Representative 031,Haryana,Constituency 031,JD(U),Lok Sabha,147000000,28,22,75382119.87,47.854285714285716,21,78.57142857142857,51.280353653061226,43.07946952040816,57.41,High Risk
MP0459,MP Representative 459,Andaman and Nicobar Islands,Constituency 459,TMC,Lok Sabha,245000000,27,18,75014118.05,38.8074074074074,17,66.66666666666666,30.618007367346937,74.0729889489796,57.37,High Risk
MP0530,MP Representative 530,Andhra Pradesh,Constituency 530,AAP,Rajya Sabha,147000000,27,20,61501069.25,42.65925925925926,20,74.07407407407408,41.837462074829936,57.2438068877551,57.3,High Risk
MP0204,MP Representative 204,Andaman and Nicobar Islands,Constituency 204,BJP,Lok Sabha,147000000,28,18,43304740.86,39.45642857142857,17,64.28571428571429,29.459007387755104,75.81148891836733,57.24,High Risk
MP0121,MP Representative 121,Haryana,Constituency 121,INC,Lok Sabha,147000000,28,19,50681480.660000004,40.955357142857146,17,67.85714285714286,34.47719772789116,68.28420340816326,57.2,High Risk
MP0112,MP Representative 112,Manipur,Constituency 112,BJD,Lok Sabha,147000000,28,19,52004626.43,41.419285714285714,19,67.85714285714286,35.37729689115646,66.9340546632653,57.05,High Risk
MP0282,MP Representative 282,Manipur,Constituency 282,SP,Lok Sabha,147000000,28,18,44458246.0,39.11035714285714,16,64.28571428571429,30.24370476190476,74.63444285714286,56.8,High Risk
MP0285,MP Representative 285,Andhra Pradesh,Constituency 285,YSRCP,Rajya Sabha,147000000,28,22,72614634.35,44.260714285714286,21,78.57142857142857,49.397710442176866,45.903434336734705,56.68,High Risk
MP0254,MP Representative 254,Andaman and Nicobar Islands,Constituency 254,AAP,Lok Sabha,147000000,28,20,59270150.26,41.9525,20,71.42857142857143,40.31983010884353,59.5202548367347,56.66,High Risk
MP0126,MP Representative 126,Haryana,Constituency 126,SP,Lok Sabha,147000000,28,19,49594740.22,38.886785714285715,17,67.85714285714286,33.737918517006804,69.39312222448979,56.65,High Risk
MP0446,MP Representative 446,Haryana,Constituency 446,AAP,Lok Sabha,147000000,27,17,42315225.05,38.275555555555556,17,62.96296296296296,28.78586738095238,76.82119892857142,56.55,High Risk
MP0250,MP Representative 250,Andhra Pradesh,Constituency 250,TDP,Rajya Sabha,147000000,28,18,45908044.15,39.353928571428575,16,64.28571428571429,31.22996200680272,73.15505698979592,56.53,High Risk
MP0332,MP Representative 332,Manipur,Constituency 332,RJD,Lok Sabha,147000000,28,20,60109155.62,41.84571428571429,16,71.42857142857143,40.89058205442176,58.66412691836736,56.4,High Risk
MP0514,MP Representative 514,Andaman and Nicobar Islands,Constituency 514,TDP,Lok Sabha,147000000,27,21,73030018.83,44.47777777777778,17,77.77777777777779,49.68028491836735,45.47957262244898,56.38,High Risk
MP0308,MP Representative 308,Sikkim,Constituency 308,RJD,Lok Sabha,147000000,28,17,38194101.0,37.090357142857144,17,60.71428571428571,25.982381632653063,81.02642755102042,56.34,High Risk
MP0434,MP Representative 434,Andaman and Nicobar Islands,Constituency 434,AAP,Lok Sabha,147000000,27,20,68423449.49,44.39074074074074,19,74.07407407407408,46.54656427891156,50.18015358163266,56.23,High Risk
MP0301,MP Representative 301,Haryana,Constituency 301,INC,Lok Sabha,147000000,28,19,54150658.09,40.51892857142857,19,67.85714285714286,36.83718237414966,64.74422643877551,56.14,High Risk
MP0055,MP Representative 055,Andhra Pradesh,Constituency 055,JD(U),Rajya Sabha,147000000,28,19,55521017.76,41.24178571428571,18,67.85714285714286,37.76939983673469,63.34590024489796,56.08,High Risk
MP0391,MP Representative 391,Haryana,Constituency 391,JD(U),Lok Sabha,147000000,27,19,61127815.15,42.568888888888885,18,70.37037037037037,41.58354772108843,57.62467841836735,56.06,High Risk
MP0232,MP Representative 232,Manipur,Constituency 232,BJD,Lok Sabha,147000000,28,20,62148409.19,42.03892857142857,19,71.42857142857143,42.27782938095238,56.583255928571425,55.96,High Risk
MP0171,MP Representative 171,Haryana,Constituency 171,TMC,Lok Sabha,245000000,28,19,94539523.45,41.69714285714286,19,67.85714285714286,38.587560591836734,62.1186591122449,55.96,High Risk
MP0296,MP Representative 296,Haryana,Constituency 296,RJD,Lok Sabha,147000000,28,16,35595323.839999996,37.477500000000006,15,57.14285714285714,24.214506013605437,83.67824097959185,55.91,High Risk
MP0468,MP Representative 468,Sikkim,Constituency 468,BJP,Lok Sabha,165000000,27,20,78663619.13,44.198518518518526,19,74.07407407407408,47.67492068484848,48.487618972727276,55.73,High Risk
MP0133,MP Representative 133,Sikkim,Constituency 133,INC,Lok Sabha,147000000,28,21,70825353.45,43.76678571428572,19,75.0,48.18051255102041,47.72923117346938,55.69,High Risk
MP0231,MP Representative 231,Haryana,Constituency 231,TMC,Lok Sabha,147000000,28,19,58044730.65,41.19321428571429,17,67.85714285714286,39.486211326530615,60.77068301020408,55.42,High Risk
MP0465,MP Representative 465,Andhra Pradesh,Constituency 465,YSRCP,Rajya Sabha,147000000,27,17,46003378.53,37.443703703703704,16,62.96296296296296,31.29481532653061,73.05777701020409,55.28,High Risk
MP0064,MP Representative 064,Andaman and Nicobar Islands,Constituency 064,BJD,Lok Sabha,147000000,28,17,43447843.01,37.70178571428572,15,60.71428571428571,29.556355789115646,75.66546631632653,55.25,High Risk
MP0281,MP Representative 281,Haryana,Constituency 281,DMK,Lok Sabha,147000000,28,20,65916817.51,42.471428571428575,19,71.42857142857143,44.84137245578231,52.73794131632653,55.17,High Risk
MP0221,MP Representative 221,Haryana,Constituency 221,DMK,Lok Sabha,147000000,28,21,75529384.7,45.0075,20,75.0,51.38053380952381,42.92919928571428,54.99,High Risk
MP0265,MP Representative 265,Andhra Pradesh,Constituency 265,INC,Rajya Sabha,147000000,28,18,52767840.31,38.958214285714284,17,64.28571428571429,35.89649000680272,66.15526498979591,54.62,High Risk
MP0313,MP Representative 313,Sikkim,Constituency 313,INC,Lok Sabha,147000000,28,21,77122142.09,44.37285714285714,20,75.0,52.464042238095246,41.30393664285713,54.33,High Risk
MP0089,MP Representative 089,Andaman and Nicobar Islands,Constituency 089,DMK,Lok Sabha,147000000,28,20,69691615.58,42.70392857142857,18,71.42857142857143,47.40926229931973,48.886106551020404,54.3,High Risk
MP0127,MP Representative 127,Manipur,Constituency 127,JD(U),Lok Sabha,147000000,28,17,47994987.35,37.89928571428572,16,60.71428571428571,32.649651258503404,71.0255231122449,54.17,High Risk
MP0410,MP Representative 410,Andhra Pradesh,Constituency 410,AAP,Rajya Sabha,147000000,27,19,67167891.59,41.62259259259259,17,70.37037037037037,45.6924432585034,51.461335112244896,54.14,High Risk
MP0137,MP Representative 137,Manipur,Constituency 137,DMK,Lok Sabha,147000000,28,20,71001705.93,41.95214285714286,19,71.42857142857143,48.3004802244898,47.549279663265295,53.67,High Risk
MP0188,MP Representative 188,Sikkim,Constituency 188,RJD,Lok Sabha,147000000,28,18,58042407.31,39.878214285714286,18,64.28571428571429,39.48463082312925,60.77305376530612,53.64,High Risk
MP0389,MP Representative 389,Andaman and Nicobar Islands,Constituency 389,DMK,Lok Sabha,147000000,27,17,55070776.63,38.833333333333336,17,62.96296296296296,37.4631133537415,63.805329969387756,53.52,High Risk
MP0196,MP Representative 196,Haryana,Constituency 196,BJD,Lok Sabha,147000000,28,17,50710708.3,36.505714285714284,15,60.71428571428571,34.497080476190476,68.2543792857143,52.92,High Risk
MP0436,MP Representative 436,Haryana,Constituency 436,BJD,Lok Sabha,147000000,27,18,65458341.74,40.40259259259259,18,66.66666666666666,44.529484176870746,53.20577373469388,52.8,High Risk
MP0409,MP Representative 409,Andaman and Nicobar Islands,Constituency 409,INC,Lok Sabha,147000000,27,17,56779830.49,37.67296296296296,17,62.96296296296296,38.62573502721089,62.06139745918367,52.62,High Risk
MP0357,MP Representative 357,Manipur,Constituency 357,YSRCP,Lok Sabha,147000000,28,18,58047485.72,37.14142857142857,18,64.28571428571429,39.488085523809524,60.76787171428572,52.55,High Risk
MP0155,MP Representative 155,Andhra Pradesh,Constituency 155,Other,Rajya Sabha,147000000,28,18,60679684.87,38.550000000000004,17,64.28571428571429,41.27869719047619,58.081954214285716,52.44,High Risk
MP0114,MP Representative 114,Andaman and Nicobar Islands,Constituency 114,SP,Lok Sabha,147000000,28,17,55088262.87,36.769285714285715,17,60.71428571428571,37.47500875510204,63.78748686734694,51.9,High Risk
MP0043,MP Representative 043,Sikkim,Constituency 043,JD(U),Lok Sabha,147000000,28,18,65516085.28,38.63,18,64.28571428571429,44.56876549659864,53.14685175510205,51.24,High Risk
MP0035,MP Representative 035,Andhra Pradesh,Constituency 035,Other,Rajya Sabha,147000000,28,16,52036873.56,34.67928571428571,15,57.14285714285714,35.399233714285714,66.90114942857143,50.6,High Risk
MP0180,MP Representative 180,Andhra Pradesh,Constituency 180,BJP,Rajya Sabha,165000000,28,17,67192506.75,36.55214285714286,15,60.71428571428571,40.72273136363636,58.91590295454546,50.6,High Risk
MP0230,MP Representative 230,Andhra Pradesh,Constituency 230,AAP,Rajya Sabha,147000000,28,16,56449952.47,35.445,15,57.14285714285714,38.40132821088436,62.39800768367346,49.78,High Risk
MP0015,MP Representative 015,Andhra Pradesh,Constituency 015,TMC,Rajya Sabha,147000000,28,16,63661289.54,35.00071428571429,15,57.14285714285714,43.306999687074835,55.03950046938775,47.76,High Risk
MP0194,MP Representative 194,Andaman and Nicobar Islands,Constituency 194,AAP,Lok Sabha,147000000,28,13,41015827.76,29.006071428571428,12,46.42857142857143,27.901923646258503,78.14711453061224,47.39,High Risk
MP0431,MP Representative 431,Haryana,Constituency 431,Other,Lok Sabha,147000000,27,19,100361196.31,43.16444444444445,18,70.37037037037037,68.27292265986394,17.590616010204094,46.29,High Risk
MP0063,MP Representative 063,Sikkim,Constituency 063,TMC,Lok Sabha,122500000,28,14,66693464.85,30.357142857142858,14,50.0,54.4436447755102,38.334532836734695,39.23,High Risk
MP0056,MP Representative 056,Haryana,Constituency 056,RJD,Lok Sabha,147000000,28,12,75133927.53,26.35892857142857,12,42.857142857142854,51.11151532653061,43.33272701020409,36.38,Moderate Risk
MP0537,MP Representative 537,Manipur,Constituency 537,YSRCP,Lok Sabha,147000000,27,12,79268244.73,26.784814814814816,12,44.44444444444444,53.92397600680272,39.11403598979592,36.05,Moderate Risk
MP0412,MP Representative 412,Manipur,Constituency 412,BJD,Lok Sabha,147000000,27,11,72569862.19,25.741481481481483,11,40.74074074074074,49.36725319047619,45.94912021428571,36.04,Moderate Risk
MP0542,MP Representative 542,Manipur,Constituency 542,AAP,Lok Sabha,147000000,27,11,74959819.22,26.565555555555555,9,40.74074074074074,50.99307429931973,43.510388551020405,35.76,Moderate Risk
MP0467,MP Representative 467,Manipur,Constituency 467,Other,Lok Sabha,147000000,27,13,87929879.01,28.036296296296296,12,48.148148148148145,59.8162442244898,30.2756336632653,35.64,High Risk
MP0331,MP Representative 331,Haryana,Constituency 331,JD(U),Lok Sabha,147000000,28,12,78374214.85,26.543928571428573,12,42.857142857142854,53.315792414965976,40.02631137755104,35.62,Moderate Risk
MP0531,MP Representative 531,Haryana,Constituency 531,TMC,Lok Sabha,165000000,27,10,75941978.94,24.704074074074075,10,37.03703703703704,46.02544178181818,50.96183732727273,35.59,Moderate Risk
MP0455,MP Representative 455,Andhra Pradesh,Constituency 455,Other,Rajya Sabha,147000000,27,12,83582835.44,27.904074074074074,9,44.44444444444444,56.859071727891155,34.71139240816326,35.4,Moderate Risk
MP0273,MP Representative 273,Sikkim,Constituency 273,YSRCP,Lok Sabha,147000000,28,11,70490085.27,23.494642857142857,11,39.285714285714285,47.95243895918367,48.0713415612245,35.17,Moderate Risk
MP0355,MP Representative 355,Andhra Pradesh,Constituency 355,JD(U),Rajya Sabha,147000000,28,12,79764669.06,25.856428571428573,12,42.857142857142854,54.261679632653056,38.607480551020416,34.99,Moderate Risk
MP0002,MP Representative 002,Manipur,Constituency 002,AAP,Lok Sabha,147000000,28,12,82645849.51,27.359285714285715,12,42.857142857142854,56.221666333333346,35.66750049999998,34.86,Moderate Risk
MP0499,MP Representative 499,Andaman and Nicobar Islands,Constituency 499,JD(U),Lok Sabha,147000000,27,12,87628264.28,28.60185185185185,11,44.44444444444444,59.611064136054424,30.583403795918365,34.64,Moderate Risk
MP0344,MP Representative 344,Andaman and Nicobar Islands,Constituency 344,RJD,Lok Sabha,147000000,28,13,92144356.92,29.084285714285716,13,46.42857142857143,62.683236,25.975146,34.38,High Risk
MP0494,MP Representative 494,Andaman and Nicobar Islands,Constituency 494,AAP,Lok Sabha,147000000,27,12,86755835.12,27.30888888888889,10,44.44444444444444,59.01757491156463,31.473637632653055,34.35,Moderate Risk
MP0203,MP Representative 203,Sikkim,Constituency 203,Other,Lok Sabha,147000000,28,13,90579557.08,27.76571428571429,13,46.42857142857143,61.61874631292517,27.571880530612248,34.25,High Risk
MP0053,MP Representative 053,Sikkim,Constituency 053,DMK,Lok Sabha,147000000,28,13,91393090.75,28.274285714285714,11,46.42857142857143,62.17217057823129,26.741744132653068,34.25,High Risk
MP0060,MP Representative 060,Andhra Pradesh,Constituency 060,BJP,Rajya Sabha,147000000,28,11,79213777.64,25.98464285714286,11,39.285714285714285,53.88692356462585,39.16961465306122,33.94,Moderate Risk
MP0486,MP Representative 486,Haryana,Constituency 486,SP,Lok Sabha,165000000,27,13,110568980.73,30.495925925925924,13,48.148148148148145,67.01150347272727,19.482744790909095,33.92,High Risk
MP0535,MP Representative 535,Andhra Pradesh,Constituency 535,JD(U),Rajya Sabha,147000000,27,10,77072941.44,24.448888888888888,10,37.03703703703704,52.430572408163265,41.35414138775511,33.08,Moderate Risk
MP0315,MP Representative 315,Andhra Pradesh,Constituency 315,TMC,Rajya Sabha,165000000,28,10,82433333.26,22.190714285714286,9,35.714285714285715,49.95959591515152,45.06060612727272,32.64,Moderate Risk
MP0464,MP Representative 464,Andaman and Nicobar Islands,Constituency 464,RJD,Lok Sabha,147000000,27,14,112418594.19,32.52518518518519,13,51.85185185185185,76.47523414285715,5.28714878571428,32.48,High Risk
MP0398,MP Representative 398,Sikkim,Constituency 398,AAP,Lok Sabha,147000000,27,11,87596329.93,25.80222222222222,9,40.74074074074074,59.589340088435385,30.615989867346922,32.23,Moderate Risk
MP0536,MP Representative 536,Haryana,Constituency 536,RJD,Lok Sabha,147000000,27,11,88439667.68,26.205185185185183,10,40.74074074074074,60.16303923809524,29.755441142857144,32.18,Moderate Risk
MP0481,MP Representative 481,Haryana,Constituency 481,INC,Lok Sabha,147000000,27,11,88851489.31,26.083703703703705,10,40.74074074074074,60.44319000680273,29.335214989795904,32.03,Moderate Risk
MP0452,MP Representative 452,Manipur,Constituency 452,RJD,Lok Sabha,147000000,27,11,88937890.28,26.00888888888889,10,40.74074074074074,60.501966176870745,29.247050734693882,31.97,Moderate Risk
MP0419,MP Representative 419,Andaman and Nicobar Islands,Constituency 419,Other,Lok Sabha,147000000,27,10,82314932.73,23.633333333333333,9,37.03703703703704,55.99655287755102,36.00517068367347,31.42,Moderate Risk
MP0189,MP Representative 189,Andaman and Nicobar Islands,Constituency 189,YSRCP,Lok Sabha,122500000,28,10,63930931.78,21.087142857142858,10,35.714285714285715,52.18851573877551,41.71722639183674,31.36,Moderate Risk
MP0366,MP Representative 366,Haryana,Constituency 366,SP,Lok Sabha,147000000,28,9,70917058.1,20.096071428571427,9,32.142857142857146,48.24289666666666,47.635655000000014,31.2,Moderate Risk
MP0117,MP Representative 117,Manipur,Constituency 117,YSRCP,Lok Sabha,147000000,28,10,78652587.74,21.65964285714286,6,35.714285714285715,53.50516172789115,39.742257408163276,31.1,Moderate Risk
MP0395,MP Representative 395,Andhra Pradesh,Constituency 395,Other,Rajya Sabha,147000000,27,9,74959836.2,20.851481481481482,9,33.33333333333333,50.99308585034014,43.510371224489795,30.88,Moderate Risk
MP0274,MP Representative 274,Andaman and Nicobar Islands,Constituency 274,TDP,Lok Sabha,147000000,28,10,79919811.41,21.800714285714285,9,35.714285714285715,54.3672186462585,38.449172030612246,30.83,Moderate Risk
MP0200,MP Representative 200,Andhra Pradesh,Constituency 200,RJD,Rajya Sabha,147000000,28,12,99231666.19,27.542142857142856,12,42.857142857142854,67.50453482312925,18.743197765306128,30.7,Moderate Risk
MP0047,MP Representative 047,Manipur,Constituency 047,Other,Lok Sabha,147000000,28,13,108393871.05,29.975714285714286,13,46.42857142857143,73.73732724489795,9.394009132653068,30.59,High Risk
MP0050,MP Representative 050,Andhra Pradesh,Constituency 050,AAP,Rajya Sabha,147000000,28,10,82044872.23,22.337857142857143,9,35.714285714285715,55.81283825170068,36.280742622448976,30.51,Moderate Risk
MP0505,MP Representative 505,Andhra Pradesh,Constituency 505,INC,Rajya Sabha,147000000,27,9,77745909.68,21.478518518518516,7,33.33333333333333,52.8883739319728,40.6674391020408,30.42,Moderate Risk
MP0462,MP Representative 462,Manipur,Constituency 462,SP,Lok Sabha,147000000,27,10,84949470.18,22.75814814814815,9,37.03703703703704,57.7887552244898,33.3168671632653,30.4,Moderate Risk
MP0287,MP Representative 287,Manipur,Constituency 287,Other,Lok Sabha,147000000,28,14,115906582.78,31.17607142857143,13,50.0,78.84801549659865,1.727976755102027,30.4,High Risk
MP0256,MP Representative 256,Haryana,Constituency 256,BJD,Lok Sabha,147000000,28,13,110081566.84,30.291071428571428,13,46.42857142857143,74.88541961904762,7.671870571428563,30.28,High Risk
MP0437,MP Representative 437,Manipur,Constituency 437,DMK,Lok Sabha,147000000,27,11,96683580.81,26.528888888888886,9,40.74074074074074,65.77114340816327,21.343284887755097,30.21,Moderate Risk
MP0014,MP Representative 014,Andaman and Nicobar Islands,Constituency 014,AAP,Lok Sabha,147000000,28,9,77651947.68,21.509999999999998,9,32.142857142857146,52.82445420408164,40.76331869387754,30.04,Moderate Risk
MP0109,MP Representative 109,Andaman and Nicobar Islands,Constituency 109,INC,Lok Sabha,147000000,28,10,84671066.25,22.760714285714283,8,35.714285714285715,57.59936479591836,33.60095280612246,30.0,Moderate Risk
MP0154,MP Representative 154,Andaman and Nicobar Islands,Constituency 154,TDP,Lok Sabha,147000000,28,11,93299475.96000001,24.81107142857143,11,39.285714285714285,63.46903126530613,24.796453102040807,29.87,Moderate Risk
MP0077,MP Representative 077,Manipur,Constituency 077,DMK,Lok Sabha,147000000,28,10,88498384.25,23.643571428571427,10,35.714285714285715,60.20298248299319,29.69552627551021,29.38,Moderate Risk
MP0429,MP Representative 429,Andaman and Nicobar Islands,Constituency 429,YSRCP,Lok Sabha,147000000,27,10,92851596.95,25.253703703703703,10,37.03703703703704,63.164351666666676,25.253472499999987,29.38,Moderate Risk
MP0244,MP Representative 244,Andaman and Nicobar Islands,Constituency 244,BJD,Lok Sabha,147000000,28,10,89029596.42,23.411785714285713,9,35.714285714285715,60.564351306122454,29.15347304081632,29.15,Moderate Risk
MP0038,MP Representative 038,Sikkim,Constituency 038,AAP,Lok Sabha,147000000,28,11,98304622.0,26.13714285714286,11,39.285714285714285,66.87389251700681,19.689161224489787,29.13,Moderate Risk
MP0342,MP Representative 342,Manipur,Constituency 342,SP,Lok Sabha,122500000,28,9,67654883.76,21.275714285714287,9,32.142857142857146,55.22847653877552,37.15728519183672,29.05,Moderate Risk
MP0404,MP Representative 404,Andaman and Nicobar Islands,Constituency 404,RJD,Lok Sabha,147000000,27,10,92532651.22,23.517777777777777,10,37.03703703703704,62.94738178231293,25.578927326530604,28.76,Moderate Risk
MP0335,MP Representative 335,Andhra Pradesh,Constituency 335,Other,Rajya Sabha,147000000,28,10,91010503.8,23.552500000000002,9,35.714285714285715,61.911907346938776,27.132138979591836,28.7,Moderate Risk
MP0334,MP Representative 334,Andaman and Nicobar Islands,Constituency 334,TDP,Lok Sabha,147000000,28,11,100382362.84,25.96892857142857,11,39.285714285714285,68.28732165986395,17.569017510204077,28.53,Moderate Risk
MP0290,MP Representative 290,Andhra Pradesh,Constituency 290,AAP,Rajya Sabha,147000000,28,11,100789812.88,25.647142857142857,11,39.285714285714285,68.56449855782313,17.153252163265307,28.3,Moderate Risk
MP0448,MP Representative 448,Sikkim,Constituency 448,BJD,Lok Sabha,147000000,27,10,94964110.95,23.72962962962963,9,37.03703703703704,64.60143602040816,23.097845969387762,28.23,Moderate Risk
MP0010,MP Representative 010,Andhra Pradesh,Constituency 010,TDP,Rajya Sabha,147000000,28,8,75057065.81,18.423928571428572,8,28.57142857142857,51.059228442176874,43.41115733673469,28.22,Moderate Risk
MP0216,MP Representative 216,Haryana,Constituency 216,BJP,Lok Sabha,165000000,28,10,104175814.4,23.44,9,35.714285714285715,63.136857212121214,25.29471418181818,28.2,Moderate Risk
MP0111,MP Representative 111,Haryana,Constituency 111,TMC,Lok Sabha,147000000,28,11,101795418.69,26.028928571428573,10,39.285714285714285,69.24858414285714,16.12712378571429,28.19,Moderate Risk
MP0087,MP Representative 087,Manipur,Constituency 087,TMC,Lok Sabha,147000000,28,10,92291079.99,22.505714285714284,9,35.714285714285715,62.78304761224489,25.82542858163266,27.96,Moderate Risk
MP0267,MP Representative 267,Manipur,Constituency 267,TMC,Lok Sabha,147000000,28,10,95521688.9,24.285,9,35.714285714285715,64.98074074829933,22.52888887755101,27.85,Moderate Risk
MP0371,MP Representative 371,Haryana,Constituency 371,Other,Lok Sabha,147000000,27,8,82051849.66,19.642962962962965,7,29.629629629629626,55.817584802721086,36.27362279591837,27.3,Moderate Risk
MP0107,MP Representative 107,Manipur,Constituency 107,Other,Lok Sabha,147000000,28,10,97201852.54,23.124642857142856,9,35.714285714285715,66.12370921088436,20.814436183673465,26.95,Moderate Risk
MP0324,MP Representative 324,Andaman and Nicobar Islands,Constituency 324,BJP,Lok Sabha,122500000,28,11,86508836.76,24.099642857142857,9,39.285714285714285,70.61945857959185,14.070812130612225,26.91,Moderate Risk
MP0294,MP Representative 294,Andaman and Nicobar Islands,Constituency 294,SP,Lok Sabha,147000000,28,8,82034644.78,19.360357142857143,7,28.57142857142857,55.805880802721084,36.29117879591837,26.82,Moderate Risk
MP0385,MP Representative 385,Andhra Pradesh,Constituency 385,INC,Rajya Sabha,147000000,27,10,102449096.45,24.66074074074074,8,37.03703703703704,69.69326289115646,15.460105663265303,26.69,Moderate Risk
MP0358,MP Representative 358,Sikkim,Constituency 358,TDP,Lok Sabha,147000000,28,10,98248021.93,22.76214285714286,8,35.714285714285715,66.83538906802721,19.746916397959183,26.54,Moderate Risk
MP0159,MP Representative 159,Andaman and Nicobar Islands,Constituency 159,TMC,Lok Sabha,147000000,28,9,89918756.61,20.525000000000002,8,32.142857142857146,61.16922218367347,28.246166724489797,26.52,Moderate Risk
MP0476,MP Representative 476,Haryana,Constituency 476,RJD,Lok Sabha,147000000,27,9,94501822.5,22.26666666666667,9,33.33333333333333,64.28695408163266,23.569568877551013,26.47,Moderate Risk
MP0001,MP Representative 001,Haryana,Constituency 001,INC,Lok Sabha,147000000,28,8,82728092.5,18.849642857142857,8,28.57142857142857,56.27761394557823,35.58357908163265,26.44,Moderate Risk
MP0397,MP Representative 397,Manipur,Constituency 397,INC,Lok Sabha,147000000,27,8,86876324.86,20.48111111111111,8,29.629629629629626,59.09954072108844,31.350688918367343,26.4,Moderate Risk
MP0210,MP Representative 210,Andhra Pradesh,Constituency 210,SP,Rajya Sabha,147000000,28,10,100069954.01,23.405357142857145,10,35.714285714285715,68.0747986462585,17.88780203061225,26.33,Moderate Risk
MP0044,MP Representative 044,Andaman and Nicobar Islands,Constituency 044,RJD,Lok Sabha,147000000,28,10,100733652.53,22.655714285714286,9,35.714285714285715,68.52629423809525,17.21055864285713,25.86,Moderate Risk
MP0164,MP Representative 164,Andaman and Nicobar Islands,Constituency 164,RJD,Lok Sabha,147000000,28,8,86674616.89,19.59392857142857,8,28.57142857142857,58.962324414965984,31.556513377551024,25.73,Moderate Risk
MP0227,MP Representative 227,Manipur,Constituency 227,Other,Lok Sabha,147000000,28,9,95163707.15,21.5225,9,32.142857142857146,64.73721574829932,22.89417637755102,25.58,Moderate Risk
MP0150,MP Representative 150,Andhra Pradesh,Constituency 150,SP,Rajya Sabha,147000000,28,9,95923984.12,21.271428571428572,9,32.142857142857146,65.2544109659864,22.118383551020408,25.29,Moderate Risk
MP0479,MP Representative 479,Andaman and Nicobar Islands,Constituency 479,Other,Lok Sabha,147000000,27,11,120906346.99,26.339629629629627,11,40.74074074074074,82.24921563945577,0.0,24.8,Moderate Risk
MP0416,MP Representative 416,Haryana,Constituency 416,RJD,Lok Sabha,147000000,27,9,102830418.97,22.89777777777778,8,33.33333333333333,69.9526659659864,15.071001051020403,24.59,Moderate Risk
MP0512,MP Representative 512,Manipur,Constituency 512,RJD,Lok Sabha,147000000,27,7,84834747.78999999,17.805555555555557,7,25.925925925925924,57.710712782312925,33.43393082653061,24.55,Moderate Risk
MP0190,MP Representative 190,Andhra Pradesh,Constituency 190,TDP,Rajya Sabha,147000000,28,10,108757103.45,24.240714285714287,10,35.714285714285715,73.98442411564626,9.023363826530606,24.45,Moderate Risk
MP0444,MP Representative 444,Andaman and Nicobar Islands,Constituency 444,BJP,Lok Sabha,147000000,27,7,85904585.32,17.838148148148147,6,25.925925925925924,58.43849341496599,32.342259877551015,24.29,Moderate Risk
MP0297,MP Representative 297,Manipur,Constituency 297,YSRCP,Lok Sabha,165000000,28,7,95747929.96,17.184642857142858,6,25.0,58.029048460606056,32.95642730909091,23.86,Moderate Risk
MP0153,MP Representative 153,Sikkim,Constituency 153,YSRCP,Lok Sabha,245000000,28,9,181674137.99,24.08857142857143,8,32.142857142857146,74.15270938367348,8.770935924489777,23.08,Moderate Risk
MP0084,MP Representative 084,Andaman and Nicobar Islands,Constituency 084,BJP,Lok Sabha,147000000,28,6,81570082.81,15.526785714285714,6,21.428571428571427,55.489852251700675,36.76522162244899,22.9,Moderate Risk
MP0141,MP Representative 141,Haryana,Constituency 141,YSRCP,Lok Sabha,147000000,28,8,99581678.49,19.849285714285713,8,28.57142857142857,67.74263842857142,18.386042357142863,22.54,Moderate Risk
MP0380,MP Representative 380,Andhra Pradesh,Constituency 380,RJD,Rajya Sabha,147000000,27,8,104266653.78,20.12851851851852,7,29.629629629629626,70.9296964489796,13.605455326530603,21.82,Moderate Risk
MP0292,MP Representative 292,Manipur,Constituency 292,BJD,Lok Sabha,147000000,28,7,95521223.98,18.078214285714285,7,25.0,64.98042447619048,22.529363285714282,21.61,Moderate Risk
MP0417,MP Representative 417,Manipur,Constituency 417,YSRCP,Lok Sabha,147000000,27,5,80198596.13,13.731111111111112,5,18.51851851851852,54.55686811564625,38.16469782653062,21.52,Moderate Risk
MP0364,MP Representative 364,Andaman and Nicobar Islands,Constituency 364,BJD,Lok Sabha,147000000,28,7,96437822.03999999,18.162142857142857,7,25.0,65.60396057142856,21.594059142857162,21.41,Moderate Risk
MP0187,MP Representative 187,Manipur,Constituency 187,JD(U),Lok Sabha,147000000,28,7,97730772.58,18.40607142857143,7,25.0,66.48351876190476,20.274721857142858,21.18,Moderate Risk
MP0157,MP Representative 157,Manipur,Constituency 157,INC,Lok Sabha,147000000,28,6,89585956.49,16.03642857142857,6,21.428571428571427,60.94282754421768,28.585758683673482,21.06,Moderate Risk
MP0317,MP Representative 317,Manipur,Constituency 317,DMK,Lok Sabha,147000000,28,6,87837030.36,14.752142857142857,6,21.428571428571427,59.75308187755102,30.370377183673472,20.99,Moderate Risk
MP0095,MP Representative 095,Andhra Pradesh,Constituency 095,Other,Rajya Sabha,147000000,28,7,96852399.86,16.898571428571426,7,25.0,65.88598629931973,21.171020551020412,20.8,Moderate Risk
MP0011,MP Representative 011,Haryana,Constituency 011,Other,Lok Sabha,147000000,28,6,91083161.08,15.0875,6,21.428571428571427,61.961334068027206,27.05799889795919,20.3,Moderate Risk
MP0105,MP Representative 105,Andhra Pradesh,Constituency 105,YSRCP,Rajya Sabha,147000000,28,5,85261557.52,14.086785714285714,5,17.857142857142858,58.00105953741497,32.998410693877545,20.13,Moderate Risk
MP0091,MP Representative 091,Haryana,Constituency 091,JD(U),Lok Sabha,147000000,28,6,93530240.17999999,15.170714285714286,3,21.428571428571427,63.62601372789115,24.560979408163277,19.71,Moderate Risk
MP0374,MP Representative 374,Andaman and Nicobar Islands,Constituency 374,AAP,Lok Sabha,147000000,27,5,87600228.0,13.898148148148149,4,18.51851851851852,59.59199183673469,30.61201224489796,19.69,Moderate Risk
MP0202,MP Representative 202,Manipur,Constituency 202,TDP,Lok Sabha,147000000,28,4,79919997.13,11.2875,4,14.285714285714285,54.36734498639455,38.44898252040818,19.13,Moderate Risk
MP0076,MP Representative 076,Haryana,Constituency 076,BJD,Lok Sabha,147000000,28,5,91090901.47,13.516785714285716,5,17.857142857142858,61.96659963945578,27.05010054081633,18.42,Moderate Risk
MP0176,MP Representative 176,Haryana,Constituency 176,RJD,Lok Sabha,147000000,28,4,92387914.7,12.417142857142858,4,14.285714285714285,62.84892156462585,25.72661765306123,16.4,Moderate Risk
MP0277,MP Representative 277,Manipur,Constituency 277,INC,Lok Sabha,147000000,28,6,147524017.72,18.459642857142857,6,21.428571428571427,100.35647463945578,0.0,14.88,Clean / Exemplary
MP0278,MP Representative 278,Sikkim,Constituency 278,AAP,Lok Sabha,147000000,28,6,123597122.14,16.38642857142857,6,21.428571428571427,84.07967492517007,0.0,14.05,Clean / Exemplary
MP0401,MP Representative 401,Haryana,Constituency 401,DMK,Lok Sabha,147000000,27,5,128154127.53,16.118148148148148,5,18.51851851851852,87.17967859183673,0.0,12.93,Clean / Exemplary
MP0207,MP Representative 207,Manipur,Constituency 207,TMC,Lok Sabha,245000000,28,4,216475595.75,19.724999999999998,4,14.285714285714285,88.35738602040817,0.0,12.89,Clean / Exemplary
MP0209,MP Representative 209,Andaman and Nicobar Islands,Constituency 209,DMK,Lok Sabha,147000000,28,5,117674131.36,16.0775,5,17.857142857142858,80.05042949659864,0.0,12.68,Clean / Exemplary
MP0172,MP Representative 172,Manipur,Constituency 172,BJD,Lok Sabha,147000000,28,5,121036652.68,15.685357142857143,5,17.857142857142858,82.3378589659864,0.0,12.52,Clean / Exemplary
MP0263,MP Representative 263,Sikkim,Constituency 263,Other,Lok Sabha,147000000,28,5,130993728.92,14.957142857142857,5,17.857142857142858,89.11138021768707,0.0,12.23,Clean / Exemplary
MP0369,MP Representative 369,Andaman and Nicobar Islands,Constituency 369,YSRCP,Lok Sabha,165000000,27,4,136261809.71,15.041111111111112,4,14.814814814814813,82.58291497575757,0.0,11.2,Clean / Exemplary
MP0527,MP Representative 527,Manipur,Constituency 527,Other,Lok Sabha,147000000,27,4,133654847.51,14.78888888888889,4,14.814814814814813,90.92166497278912,0.0,11.1,Clean / Exemplary
MP0521,MP Representative 521,Haryana,Constituency 521,DMK,Lok Sabha,147000000,27,4,133553097.06,14.57777777777778,4,14.814814814814813,90.85244697959183,0.0,11.02,Clean / Exemplary
MP0067,MP Representative 067,Manipur,Constituency 067,JD(U),Lok Sabha,147000000,28,4,131597764.03,15.001785714285715,4,14.285714285714285,89.52228845578232,0.0,11.0,Clean / Exemplary
MP0128,MP Representative 128,Sikkim,Constituency 128,RJD,Lok Sabha,147000000,28,4,156145647.85,14.372142857142858,4,14.285714285714285,106.22152914965986,0.0,10.75,Clean / Exemplary
MP0306,MP Representative 306,Haryana,Constituency 306,SP,Lok Sabha,165000000,28,4,136755408.68,13.174999999999999,4,14.285714285714285,82.88206586666668,0.0,10.27,Clean / Exemplary
MP0312,MP Representative 312,Manipur,Constituency 312,BJP,Lok Sabha,147000000,28,4,122352793.71000001,12.540714285714285,4,14.285714285714285,83.233193,0.0,10.02,Clean / Exemplary
MP0059,MP Representative 059,Andaman and Nicobar Islands,Constituency 059,Other,Lok Sabha,147000000,28,4,123512959.49,12.416428571428572,4,14.285714285714285,84.0224214217687,0.0,9.97,Clean / Exemplary
MP0503,MP Representative 503,Sikkim,Constituency 503,Other,Lok Sabha,147000000,27,3,142565662.48,13.744814814814815,3,11.11111111111111,96.98344386394557,0.0,9.39,Clean / Exemplary
MP0302,MP Representative 302,Manipur,Constituency 302,AAP,Lok Sabha,147000000,28,3,150123544.45,13.500357142857142,3,10.714285714285714,102.124860170068,0.0,9.15,Clean / Exemplary
MP0541,MP Representative 541,Haryana,Constituency 541,INC,Lok Sabha,147000000,27,3,141558313.14,13.135185185185184,3,11.11111111111111,96.29817220408162,0.0,9.14,Clean / Exemplary
MP0225,MP Representative 225,Andhra Pradesh,Constituency 225,YSRCP,Rajya Sabha,165000000,28,3,153066528.22,13.391785714285714,3,10.714285714285714,92.76759286060606,0.0,9.11,Clean / Exemplary
MP0148,MP Representative 148,Sikkim,Constituency 148,BJD,Lok Sabha,147000000,28,3,145743493.95,12.668928571428571,3,10.714285714285714,99.14523397959184,0.0,8.82,Clean / Exemplary
MP0458,MP Representative 458,Sikkim,Constituency 458,AAP,Lok Sabha,147000000,27,3,124170995.17,11.575555555555557,3,11.11111111111111,84.4700647414966,0.0,8.52,Clean / Exemplary
MP0343,MP Representative 343,Sikkim,Constituency 343,JD(U),Lok Sabha,147000000,28,3,128782420.38,11.768928571428571,3,10.714285714285714,87.60708869387754,0.0,8.46,Clean / Exemplary
MP0532,MP Representative 532,Manipur,Constituency 532,BJD,Lok Sabha,147000000,27,3,131734888.65,11.425555555555556,3,11.11111111111111,89.6155705102041,0.0,8.46,Clean / Exemplary
MP0028,MP Representative 028,Sikkim,Constituency 028,BJD,Lok Sabha,147000000,28,3,131062313.47,11.609285714285715,3,10.714285714285714,89.15803637414966,0.0,8.39,Clean / Exemplary
MP0286,MP Representative 286,Haryana,Constituency 286,TDP,Lok Sabha,147000000,28,3,133982023.73,11.361428571428572,3,10.714285714285714,91.14423382993198,0.0,8.29,Clean / Exemplary
MP0096,MP Representative 096,Haryana,Constituency 096,BJP,Lok Sabha,147000000,28,3,131270195.78,11.359285714285715,3,10.714285714285714,89.29945291156463,0.0,8.29,Clean / Exemplary
MP0258,MP Representative 258,Sikkim,Constituency 258,SP,Lok Sabha,147000000,28,3,119442093.57,11.09,3,10.714285714285714,81.25312487755102,0.0,8.19,Clean / Exemplary
MP0139,MP Representative 139,Andaman and Nicobar Islands,Constituency 139,JD(U),Lok Sabha,147000000,28,3,119411313.35,11.078571428571427,3,10.714285714285714,81.23218595238096,0.0,8.18,Clean / Exemplary
MP0110,MP Representative 110,Andhra Pradesh,Constituency 110,AAP,Rajya Sabha,147000000,28,3,118768869.49,10.876428571428573,3,10.714285714285714,80.79514931292516,0.0,8.1,Clean / Exemplary
MP0229,MP Representative 229,Andaman and Nicobar Islands,Constituency 229,INC,Lok Sabha,147000000,28,3,121284864.09,10.826071428571428,3,10.714285714285714,82.50671026530613,0.0,8.08,Clean / Exemplary
MP0042,MP Representative 042,Manipur,Constituency 042,SP,Lok Sabha,147000000,28,3,122518585.33,10.558571428571428,3,10.714285714285714,83.34597641496599,0.0,7.97,Clean / Exemplary
MP0483,MP Representative 483,Sikkim,Constituency 483,TMC,Lok Sabha,147000000,27,2,112787227.64,10.019629629629629,2,7.4074074074074066,76.72600519727891,4.910992204081637,7.83,Moderate Risk
MP0533,MP Representative 533,Sikkim,Constituency 533,DMK,Lok Sabha,147000000,27,2,138560291.23,11.131111111111112,2,7.4074074074074066,94.2587015170068,0.0,7.05,Clean / Exemplary
MP0259,MP Representative 259,Andaman and Nicobar Islands,Constituency 259,JD(U),Lok Sabha,147000000,28,2,140682345.87,11.135000000000002,2,7.142857142857142,95.70227610204081,0.0,6.95,Clean / Exemplary
MP0186,MP Representative 186,Haryana,Constituency 186,SP,Lok Sabha,147000000,28,2,135307270.78,10.891071428571427,2,7.142857142857142,92.04576243537414,0.0,6.86,Clean / Exemplary
MP0217,MP Representative 217,Manipur,Constituency 217,INC,Lok Sabha,147000000,28,2,137801352.99,10.326071428571428,2,7.142857142857142,93.74241700000002,0.0,6.63,Clean / Exemplary
MP0383,MP Representative 383,Sikkim,Constituency 383,Other,Lok Sabha,147000000,27,2,127541174.9,10.063703703703705,2,7.4074074074074066,86.76270401360546,0.0,6.62,Clean / Exemplary
MP0484,MP Representative 484,Andaman and Nicobar Islands,Constituency 484,BJD,Lok Sabha,147000000,27,2,128255322.61,9.963703703703702,2,7.4074074074074066,87.24851878231293,0.0,6.58,Clean / Exemplary
MP0052,MP Representative 052,Manipur,Constituency 052,BJD,Lok Sabha,147000000,28,2,115399641.16,8.8,2,7.142857142857142,78.50315725170067,2.2452641224489938,6.58,Clean / Exemplary
MP0352,MP Representative 352,Manipur,Constituency 352,BJD,Lok Sabha,147000000,28,2,124229162.86,9.882857142857143,2,7.142857142857142,84.50963459863947,0.0,6.45,Clean / Exemplary
MP0173,MP Representative 173,Sikkim,Constituency 173,DMK,Lok Sabha,147000000,28,2,119393255.96,9.862857142857143,2,7.142857142857142,81.21990201360543,0.0,6.45,Clean / Exemplary
MP0348,MP Representative 348,Sikkim,Constituency 348,BJP,Lok Sabha,147000000,28,2,133507275.22,9.85,2,7.142857142857142,90.82127565986394,0.0,6.44,Clean / Exemplary
MP0248,MP Representative 248,Sikkim,Constituency 248,RJD,Lok Sabha,147000000,28,2,127655652.17999999,9.584642857142857,2,7.142857142857142,86.84057971428571,0.0,6.33,Clean / Exemplary
MP0132,MP Representative 132,Manipur,Constituency 132,BJP,Lok Sabha,147000000,28,2,117943033.12,9.204285714285714,2,7.142857142857142,80.23335586394558,0.0,6.18,Clean / Exemplary
MP0510,MP Representative 510,Andhra Pradesh,Constituency 510,SP,Rajya Sabha,147000000,27,2,118922506.88,8.534074074074073,2,7.4074074074074066,80.89966454421769,0.0,6.01,Clean / Exemplary
MP0108,MP Representative 108,Sikkim,Constituency 108,BJP,Lok Sabha,122500000,28,2,109708102.91,7.929642857142857,2,7.142857142857142,89.55763502857143,0.0,5.67,Clean / Exemplary
MP0430,MP Representative 430,Andhra Pradesh,Constituency 430,TDP,Rajya Sabha,147000000,27,1,140987905.84,9.39,1,3.7037037037037033,95.91014002721089,0.0,5.05,Clean / Exemplary
MP0399,MP Representative 399,Andaman and Nicobar Islands,Constituency 399,TMC,Lok Sabha,147000000,27,1,129341184.73,9.017777777777777,1,3.7037037037037033,87.98720049659863,0.0,4.9,Clean / Exemplary
MP0496,MP Representative 496,Haryana,Constituency 496,BJD,Lok Sabha,147000000,27,1,131691899.99,8.912222222222223,1,3.7037037037037033,89.58632652380952,0.0,4.86,Clean / Exemplary
MP0438,MP Representative 438,Sikkim,Constituency 438,SP,Lok Sabha,147000000,27,1,124808855.8,7.99037037037037,1,3.7037037037037033,84.90398353741496,0.0,4.49,Clean / Exemplary
MP0339,MP Representative 339,Andaman and Nicobar Islands,Constituency 339,TMC,Lok Sabha,147000000,28,1,131318990.37,7.967142857142856,1,3.571428571428571,89.33264651020409,0.0,4.44,Clean / Exemplary
MP0474,MP Representative 474,Andaman and Nicobar Islands,Constituency 474,SP,Lok Sabha,147000000,27,1,120408808.78999999,7.488148148148149,1,3.7037037037037033,81.91075427891155,0.0,4.29,Clean / Exemplary
MP0435,MP Representative 435,Andhra Pradesh,Constituency 435,TMC,Rajya Sabha,147000000,27,0,134230614.43,6.742962962962963,0,0.0,91.31334314965986,0.0,2.7,Clean / Exemplary
MP0247,MP Representative 247,Manipur,Constituency 247,JD(U),Lok Sabha,147000000,28,0,136492636.33,6.666785714285714,0,0.0,92.85213355782314,0.0,2.67,Clean / Exemplary
